{
  "meta": {
    "species": [
      "A",
      "B",
      "C",
      "F",
      "Cat",
      "P",
      "S",
      "Q",
      "T",
      "ACat",
      "X"
    ],
    "reactions": [
      "R1: A + B -> P",
      "R2: A + P -> S"
    ],
    "stream_1_feed": [
      15.0,
      0.0,
      0.0,
      6.0,
      4.0,
      0.0,
      0.0,
      0.0,
      0.0,
      0.0,
      0.0
    ],
    "stream_2_feed": [
      0.0,
      10.0,
      7.0,
      0.0,
      0.0,
      3.0,
      0.0,
      0.0,
      0.0,
      0.0,
      0.0
    ]
  },
  "subsets": [
    {
      "subset_num": 0,
      "reactions": [],
      "fs": null,
      "breakpoints": [
        0.0,
        1.0
      ],
      "no_reaction": {
        "A": [
          [
            15.0,
            0.0
          ]
        ],
        "B": [
          [
            -10.0,
            10.0
          ]
        ],
        "C": [
          [
            -7.0,
            7.0
          ]
        ],
        "F": [
          [
            6.0,
            0.0
          ]
        ],
        "Cat": [
          [
            4.0,
            0.0
          ]
        ],
        "P": [
          [
            -3.0,
            3.0
          ]
        ]
      },
      "all_reactions": {
        "A": [
          [
            15.0,
            0.0
          ]
        ],
        "B": [
          [
            -10.0,
            10.0
          ]
        ],
        "C": [
          [
            -7.0,
            7.0
          ]
        ],
        "F": [
          [
            6.0,
            0.0
          ]
        ],
        "Cat": [
          [
            4.0,
            0.0
          ]
        ],
        "P": [
          [
            -3.0,
            3.0
          ]
        ]
      }
    },
    {
      "subset_num": 1,
      "reactions": [
        "R1: A + B -> P"
      ],
      "fs": 0.4,
      "breakpoints": [
        0.0,
        0.4,
        1.0
      ],
      "no_reaction": {
        "A": [
          [
            15.0,
            0.0
          ],
          [
            15.0,
            0.0
          ]
        ],
        "B": [
          [
            -10.0,
            10.0
          ],
          [
            -10.0,
            10.0
          ]
        ],
        "C": [
          [
            -6.999999999999999,
            7.0
          ],
          [
            -7.000000000000001,
            7.000000000000001
          ]
        ],
        "F": [
          [
            6.000000000000001,
            0.0
          ],
          [
            6.0,
            0.0
          ]
        ],
        "Cat": [
          [
            4.0,
            0.0
          ],
          [
            4.0,
            0.0
          ]
        ],
        "P": [
          [
            -3.0000000000000004,
            3.0
          ],
          [
            -3.0,
            3.0
          ]
        ]
      },
      "all_reactions": {
        "A": [
          [
            0.0,
            0.0
          ],
          [
            25.0,
            -10.0
          ]
        ],
        "B": [
          [
            -25.0,
            10.0
          ],
          [
            0.0,
            0.0
          ]
        ],
        "C": [
          [
            -6.999999999999999,
            7.0
          ],
          [
            -7.000000000000001,
            7.000000000000001
          ]
        ],
        "F": [
          [
            6.000000000000001,
            0.0
          ],
          [
            6.0,
            0.0
          ]
        ],
        "Cat": [
          [
            4.0,
            0.0
          ],
          [
            4.0,
            0.0
          ]
        ],
        "P": [
          [
            11.999999999999998,
            3.0
          ],
          [
            -13.0,
            13.0
          ]
        ]
      }
    },
    {
      "subset_num": 2,
      "reactions": [
        "R2: A + P -> S"
      ],
      "fs": 0.16666666666666666,
      "breakpoints": [
        0.0,
        0.16666666666666666,
        1.0
      ],
      "no_reaction": {
        "A": [
          [
            15.0,
            0.0
          ],
          [
            15.0,
            0.0
          ]
        ],
        "B": [
          [
            -9.999999999999996,
            10.0
          ],
          [
            -10.0,
            10.0
          ]
        ],
        "C": [
          [
            -6.9999999999999964,
            7.0
          ],
          [
            -7.0,
            7.0
          ]
        ],
        "F": [
          [
            6.0,
            0.0
          ],
          [
            6.0,
            0.0
          ]
        ],
        "Cat": [
          [
            4.0,
            0.0
          ],
          [
            4.0,
            0.0
          ]
        ],
        "P": [
          [
            -3.0,
            3.0
          ],
          [
            -3.0,
            3.0
          ]
        ]
      },
      "all_reactions": {
        "A": [
          [
            0.0,
            0.0
          ],
          [
            18.0,
            -3.0
          ]
        ],
        "B": [
          [
            -9.999999999999996,
            10.0
          ],
          [
            -10.0,
            10.0
          ]
        ],
        "C": [
          [
            -6.9999999999999964,
            7.0
          ],
          [
            -7.0,
            7.0
          ]
        ],
        "F": [
          [
            6.0,
            0.0
          ],
          [
            6.0,
            0.0
          ]
        ],
        "Cat": [
          [
            4.0,
            0.0
          ],
          [
            4.0,
            0.0
          ]
        ],
        "P": [
          [
            -18.0,
            3.0
          ],
          [
            0.0,
            0.0
          ]
        ],
        "S": [
          [
            15.0,
            0.0
          ],
          [
            -3.0,
            3.0
          ]
        ]
      }
    },
    {
      "subset_num": 3,
      "reactions": [
        "R1: A + B -> P",
        "R2: A + P -> S"
      ],
      "fs": 0.6052631578947368,
      "breakpoints": [
        0.0,
        0.6052631578947368,
        1.0
      ],
      "no_reaction": {
        "A": [
          [
            15.000000000000002,
            0.0
          ],
          [
            14.999999999999998,
            1.7763568394002505e-15
          ]
        ],
        "B": [
          [
            -10.0,
            10.0
          ],
          [
            -10.0,
            10.0
          ]
        ],
        "C": [
          [
            -6.999999999999999,
            7.0
          ],
          [
            -7.0,
            7.0
          ]
        ],
        "F": [
          [
            6.0,
            0.0
          ],
          [
            5.999999999999999,
            8.881784197001252e-16
          ]
        ],
        "Cat": [
          [
            4.0,
            0.0
          ],
          [
            4.0,
            0.0
          ]
        ],
        "P": [
          [
            -3.0,
            3.0
          ],
          [
            -2.9999999999999996,
            2.9999999999999996
          ]
        ]
      },
      "all_reactions": {
        "A": [
          [
            0.0,
            0.0
          ],
          [
            38.0,
            -23.0
          ]
        ],
        "B": [
          [
            -16.52173913043478,
            10.0
          ],
          [
            0.0,
            0.0
          ]
        ],
        "C": [
          [
            -6.999999999999999,
            7.0
          ],
          [
            -7.0,
            7.0
          ]
        ],
        "F": [
          [
            6.0,
            0.0
          ],
          [
            5.999999999999999,
            8.881784197001252e-16
          ]
        ],