{
  "meta": {
    "species": [
      "HCl",
      "NaOH",
      "NaCl",
      "H2O",
      "Ester",
      "NaEster",
      "Ethanol"
    ],
    "reactions": [
      "R1: HCl + NaOH -> NaCl + H2O",
      "R2: Ester + NaOH -> NaEster + Ethanol"
    ],
    "stream_1_feed": [
      0.0,
      5000.0,
      0.0,
      0.0,
      0.0,
      0.0,
      0.0
    ],
    "stream_2_feed": [
      84.0,
      0.0,
      0.0,
      0.0,
      84.0,
      0.0,
      0.0
    ]
  },
  "subsets": [
    {
      "subset_num": 0,
      "reactions": [],
      "fs": null,
      "breakpoints": [
        0.0,
        1.0
      ],
      "no_reaction": {
        "HCl": [
          [
            -84.0,
            84.0
          ]
        ],
        "NaOH": [
          [
            5000.0,
            0.0
          ]
        ],
        "Ester": [
          [
            -84.0,
            84.0
          ]
        ]
      },
      "all_reactions": {
        "HCl": [
          [
            -84.0,
            84.0
          ]
        ],
        "NaOH": [
          [
            5000.0,
            0.0
          ]
        ],
        "Ester": [
          [
            -84.0,
            84.0
          ]
        ]
      }
    },
    {
      "subset_num": 1,
      "reactions": [
        "R1: HCl + NaOH -> NaCl + H2O"
      ],
      "fs": 0.016522423288749016,
      "breakpoints": [
        0.0,
        0.016522423288749016,
        1.0
      ],
      "no_reaction": {
        "HCl": [
          [
            -84.00000000000016,
            84.0
          ],
          [
            -84.0,
            84.0
          ]
        ],
        "NaOH": [
          [
            5000.0,
            0.0
          ],
          [
            4999.999999999999,
            1.4210854715202004e-14
          ]
        ],
        "Ester": [
          [
            -84.00000000000016,
            84.0
          ],
          [
            -84.0,
            84.0
          ]
        ]
      },
      "all_reactions": {
        "HCl": [
          [
            -5084.0,
            84.0
          ],
          [
            0.0,
            0.0
          ]
        ],
        "NaOH": [
          [
            0.0,
            0.0
          ],
          [
            5084.0,
            -84.0
          ]
        ],
        "NaCl": [
          [
            5000.0,
            0.0
          ],
          [
            -84.0,
            84.0
          ]
        ],
        "H2O": [
          [
            5000.0,
            0.0
          ],
          [
            -84.0,
            84.0
          ]
        ],
        "Ester": [
          [
            -84.00000000000016,
            84.0
          ],
          [
            -84.0,
            84.0
          ]
        ]
      }
    },
    {
      "subset_num": 2,
      "reactions": [
        "R2: Ester + NaOH -> NaEster + Ethanol"
      ],
      "fs": 0.016522423288749016,
      "breakpoints": [
        0.0,
        0.016522423288749016,
        1.0
      ],
      "no_reaction": {
        "HCl": [
          [
            -84.00000000000016,
            84.0
          ],
          [
            -84.0,
            84.0
          ]
        ],
        "NaOH": [
          [
            5000.0,
            0.0
          ],
          [
            4999.999999999999,
            1.4210854715202004e-14
          ]
        ],
        "Ester": [
          [
            -84.00000000000016,
            84.0
          ],
          [
            -84.0,
            84.0
          ]
        ]
      },
      "all_reactions": {
        "HCl": [
          [
            -84.00000000000016,
            84.0
          ],
          [
            -84.0,
            84.0
          ]
        ],
        "NaOH": [
          [
            0.0,
            0.0
          ],
          [
            5084.0,
            -84.0
          ]
        ],
        "Ester": [
          [
            -5084.0,
            84.0
          ],
          [
            0.0,
            0.0
          ]
        ],
        "NaEster": [
          [
            5000.0,
            0.0
          ],
          [
            -84.0,
            84.0
          ]
        ],
        "Ethanol": [
          [
            5000.0,
            0.0
          ],
          [
            -84.0,
            84.0
          ]
        ]
      }
    },
    {
      "subset_num": 3,
      "reactions": [
        "R1: HCl + NaOH -> NaCl + H2O",
        "R2: Ester + NaOH -> NaEster + Ethanol"
      ],
      "fs": 0.032507739938080496,
      "breakpoints": [
        0.0,
        0.032507739938080496,
        1.0
      ],
      "no_reaction": {
        "HCl": [
          [
            -84.00000000000014,
            84.0
          ],
          [
            -84.0,
            84.0
          ]
        ],
        "NaOH": [
          [
            5000.0,
            0.0
          ],
          [
            5000.0,
            0.0
          ]
        ],
        "Ester": [
          [
            -84.00000000000014,
            84.0
          ],
          [
            -84.0,
            84.0
          ]
        ]
      },
      "all_reactions": {
        "HCl": [
          [
            -2584.0,
            84.0
          ],
          [
            0.0,
            0.0
          ]
        ],
        "NaOH": [
          [
            0.0,
            0.0
          ],
          [
            5168.0,
            -168.0
          ]
        ],
        "NaCl": [
          [
            2500.0,
            0.0
          ],
          [
            -84.0,
            84.0
          ]
        ],
        "H2O": [
          [
            2500.0,
            0.0
          ],
          [
            -84.0,
            84.0
          ]
        ],
        "Ester": [
          [
            -2584.0,
            84.0
          ],
          [
            0.0,
            0.0
          ]
        ],
        "NaEster": [
          [
            2500.0,
            0.0
          ],
          [
            -84.0,
            84.0
          ]
        ],
        "Ethanol": [
          [
            2500.0,
            0.0
          ],
          [
            -84.0,
            84.0
          ]
        ]
      }
    }
  ]
}