{
  "meta": {
    "species": [
      "A",
      "B",
      "C",
      "F",
      "Cat",
      "P",
      "S",
      "Q",
      "T",
      "ACat",
      "X"
    ],
    "reactions": [
      "R1: Cat + B -> P + Cat",
      "R2: Cat + C -> Q"
    ],
    "stream_1_feed": [
      0.0,
      10.0,
      5.0,
      0.0,
      0.0,
      0.0,
      0.0,
      0.0,
      0.0,
      0.0,
      0.0
    ],
    "stream_2_feed": [
      0.0,
      0.0,
      0.0,
      0.0,
      15.0,
      0.0,
      0.0,
      0.0,
      0.0,
      0.0,
      0.0
    ]
  },
  "subsets": [
    {
      "subset_num": 0,
      "reactions": [],
      "fs": null,
      "breakpoints": [
        0.0,
        1.0
      ],
      "no_reaction": {
        "B": [
          [
            10.0,
            0.0
          ]
        ],
        "C": [
          [
            5.0,
            0.0
          ]
        ],
        "Cat": [
          [
            -15.0,
            15.0
          ]
        ]
      },
      "all_reactions": {
        "B": [
          [
            10.0,
            0.0
          ]
        ],
        "C": [
          [
            5.0,
            0.0
          ]
        ],
        "Cat": [
          [
            -15.0,
            15.0
          ]
        ]
      }
    },
    {
      "subset_num": 1,
      "reactions": [
        "R1: Cat + B -> P + Cat"
      ],
      "fs": null,
      "breakpoints": [
        0.0,
        0.999,
        1.0
      ],
      "no_reaction": {
        "B": [
          [
            10.0,
            0.0
          ],
          [
            9.999999999999778,
            2.220446049250313e-13
          ]
        ],
        "C": [
          [
            5.0,
            0.0
          ],
          [
            4.999999999999889,
            1.1102230246251565e-13
          ]
        ],
        "Cat": [
          [
            -15.0,
            15.0
          ],
          [
            -15.0,
            15.0
          ]
        ]
      },
      "all_reactions": {
        "B": [
          [
            0.0,
            0.0
          ],
          [
            9999.99999999999,
            -9989.99999999999
          ]
        ],
        "C": [
          [
            5.0,
            0.0
          ],
          [
            4.999999999999889,
            1.1102230246251565e-13
          ]
        ],
        "Cat": [
          [
            -15.0,
            15.0
          ],
          [
            -15.0,
            15.0
          ]
        ],
        "P": [
          [
            10.0,
            0.0
          ],
          [
            -9989.99999999999,
            9989.99999999999
          ]
        ]
      }
    },
    {
      "subset_num": 2,
      "reactions": [
        "R2: Cat + C -> Q"
      ],
      "fs": 0.75,
      "breakpoints": [
        0.0,
        0.75,
        1.0
      ],
      "no_reaction": {
        "B": [
          [
            10.0,
            0.0
          ],
          [
            10.0,
            0.0
          ]
        ],
        "C": [
          [
            5.0,
            0.0
          ],
          [
            5.0,
            0.0
          ]
        ],
        "Cat": [
          [
            -15.0,
            15.0
          ],
          [
            -15.0,
            15.0
          ]
        ]
      },
      "all_reactions": {
        "B": [
          [
            10.0,
            0.0
          ],
          [
            10.0,
            0.0
          ]
        ],
        "C": [
          [
            0.0,
            0.0
          ],
          [
            20.0,
            -15.0
          ]
        ],
        "Cat": [
          [
            -20.0,
            15.0
          ],
          [
            0.0,
            0.0
          ]
        ],
        "Q": [
          [
            5.0,
            0.0
          ],
          [
            -15.0,
            15.0
          ]
        ]
      }
    },
    {
      "subset_num": 3,
      "reactions": [
        "R1: Cat + B -> P + Cat",
        "R2: Cat + C -> Q"
      ],
      "fs": 0.75,
      "breakpoints": [
        0.0,
        0.749,
        0.75,
        0.751,
        0.999,
        1.0
      ],
      "no_reaction": {
        "B": [
          [
            10.0,
            0.0
          ],
          [
            9.999999999999778,
            1.6608936448392342e-13
          ],
          [
            9.999999999999778,
            1.6697754290362354e-13
          ],
          [
            10.000000000000002,
            -1.7763568394002505e-15
          ],
          [
            9.999999999999778,
            2.220446049250313e-13
          ]
        ],
        "C": [
          [
            5.0,
            0.0
          ],
          [
            4.999999999999889,
            8.304468224196171e-14
          ],
          [
            4.999999999999889,
            8.348877145181177e-14
          ],
          [
            5.000000000000001,
            -8.881784197001252e-16
          ],
          [
            4.999999999999889,
            1.1102230246251565e-13
          ]
        ],
        "Cat": [
          [
            -15.0,
            15.0
          ],
          [
            -15.00000000000011,
            15.000000000000083
          ],
          [
            -15.00000000000011,
            15.000000000000082
          ],
          [
            -14.999999999999998,
            14.999999999999998
          ],
          [
            -15.0,
            15.0
          ]
        ]
      },
      "all_reactions": {
        "B": [
          [
            0.0,
            0.0
          ],
          [
            7499.999999999994,
            -5617.499999999995
          ],
          [
            9.999999999999778,
            1.6697754290362354e-13
          ],
          [
            10.000000000000002,
            -1.7763568394002505e-15
          ],
          [
            9.999999999999778,
            2.220446049250313e-13
          ]
        ],
        "C": [
          [
            0.0,
            0.0
          ],
          [
            0.0,
            0.0
          ],
          [
            20.0,
            -15.0
          ],
          [
            20.000000000000004,
            -15.000000000000004
          ],
          [
            19.999999999999556,
            -14.999999999999556
          ]
        ],
        "Cat": [
          [
            -20.0,
            15.0
          ],
          [
            -20.0,
            15.0
          ],
          [
            0.0,
            0.0
          ],
          [
            0.0,
            0.0
          ],
          [
            0.0,
            0.0
          ]
        ],
        "P": [
          [
            10.0,
            0.0
          ],
          [
            -7489.999999999994,
            5617.499999999995
          ],
          [
            0.0,
            0.0
          ],
          [
            0.0,
            0.0
          ],
          [
            0.0,
            0.0
          ]
        ],
        "Q": [
          [
            5.0,
            0.0
          ],
          [
            4.999999999999889,
            8.304468224196171e-14
          ],
          [
            -15.00000000000011,
            15.000000000000082
          ],
          [
            -14.999999999999998,
            14.999999999999998
          ],
          [
            -15.0,
            15.0
          ]
        ]
      }
    }
  ]
}