{
  "meta": {
    "species": [
      "A",
      "B",
      "C",
      "F",
      "Cat",
      "P",
      "S",
      "Q",
      "T",
      "ACat",
      "X"
    ],
    "reactions": [
      "R1: A + B -> P",
      "R2: A + P -> S",
      "R3: A + C -> Q"
    ],
    "stream_1_feed": [
      15.0,
      0.0,
      0.0,
      0.0,
      0.0,
      0.0,
      0.0,
      0.0,
      0.0,
      0.0,
      0.0
    ],
    "stream_2_feed": [
      0.0,
      0.6,
      1.2,
      0.0,
      0.0,
      0.0,
      0.0,
      0.0,
      0.0,
      0.0,
      0.0
    ]
  },
  "subsets": [
    {
      "subset_num": 0,
      "reactions": [],
      "fs": null,
      "breakpoints": [
        0.0,
        1.0
      ],
      "no_reaction": {
        "A": [
          [
            15.0,
            0.0
          ]
        ],
        "B": [
          [
            -0.6,
            0.6
          ]
        ],
        "C": [
          [
            -1.2,
            1.2
          ]
        ]
      },
      "all_reactions": {
        "A": [
          [
            15.0,
            0.0
          ]
        ],
        "B": [
          [
            -0.6,
            0.6
          ]
        ],
        "C": [
          [
            -1.2,
            1.2
          ]
        ]
      }
    },
    {
      "subset_num": 1,
      "reactions": [
        "R1: A + B -> P"
      ],
      "fs": 0.038461538461538464,
      "breakpoints": [
        0.0,
        0.038461538461538464,
        1.0
      ],
      "no_reaction": {
        "A": [
          [
            15.0,
            0.0
          ],
          [
            15.0,
            0.0
          ]
        ],
        "B": [
          [
            -0.6000000000000008,
            0.6
          ],
          [
            -0.6,
            0.6
          ]
        ],
        "C": [
          [
            -1.2000000000000015,
            1.2
          ],
          [
            -1.2,
            1.2
          ]
        ]
      },
      "all_reactions": {
        "A": [
          [
            0.0,
            0.0
          ],
          [
            15.6,
            -0.6
          ]
        ],
        "B": [
          [
            -15.600000000000001,
            0.6
          ],
          [
            1.1546319456101628e-16,
            -1.1546319456101628e-16
          ]
        ],
        "C": [
          [
            -1.2000000000000015,
            1.2
          ],
          [
            -1.2,
            1.2
          ]
        ],
        "P": [
          [
            15.0,
            0.0
          ],
          [
            -0.6000000000000001,
            0.6000000000000001
          ]
        ]
      }
    },
    {
      "subset_num": 2,
      "reactions": [
        "R2: A + P -> S"
      ],
      "fs": null,
      "breakpoints": [
        0.0,
        1.0
      ],
      "no_reaction": {
        "A": [
          [
            15.0,
            0.0
          ]
        ],
        "B": [
          [
            -0.6,
            0.6
          ]
        ],
        "C": [
          [
            -1.2,
            1.2
          ]
        ]
      },
      "all_reactions": {
        "A": [
          [
            15.0,
            0.0
          ]
        ],
        "B": [
          [
            -0.6,
            0.6
          ]
        ],
        "C": [
          [
            -1.2,
            1.2
          ]
        ]
      }
    },
    {
      "subset_num": 3,
      "reactions": [
        "R3: A + C -> Q"
      ],
      "fs": 0.07407407407407407,
      "breakpoints": [
        0.0,
        0.07407407407407407,
        1.0
      ],
      "no_reaction": {
        "A": [
          [
            15.000000000000002,
            0.0
          ],
          [
            15.0,
            0.0
          ]
        ],
        "B": [
          [
            -0.5999999999999994,
            0.6
          ],
          [
            -0.6,
            0.6
          ]
        ],
        "C": [
          [
            -1.1999999999999988,
            1.2
          ],
          [
            -1.2,
            1.2
          ]
        ]
      },
      "all_reactions": {
        "A": [
          [
            0.0,
            0.0
          ],
          [
            16.2,
            -1.2
          ]
        ],
        "B": [
          [
            -0.5999999999999994,
            0.6
          ],
          [
            -0.6,
            0.6
          ]
        ],
        "C": [
          [
            -16.2,
            1.2
          ],
          [
            0.0,
            0.0
          ]
        ],
        "Q": [
          [
            15.000000000000002,
            0.0
          ],
          [
            -1.2,
            1.2
          ]
        ]
      }
    },
    {
      "subset_num": 4,
      "reactions": [
        "R1: A + B -> P",
        "R2: A + P -> S"
      ],
      "fs": 0.07407407407407407,
      "breakpoints": [
        0.0,
        0.07407407407407407,
        1.0
      ],
      "no_reaction": {
        "A": [
          [
            15.000000000000002,
            0.0
          ],
          [
            15.0,
            0.0
          ]
        ],
        "B": [
          [
            -0.5999999999999994,
            0.6
          ],
          [
            -0.6,
            0.6
          ]
        ],
        "C": [
          [
            -1.1999999999999988,
            1.2
          ],
          [
            -1.2,
            1.2
          ]
        ]
      },
      "all_reactions": {
        "A": [
          [
            0.0,
            0.0
          ],
          [
            16.2,
            -1.2
          ]
        ],
        "B": [
          [
            -8.1,
            0.6
          ],
          [
            0.0,
            0.0
          ]
        ],
        "C": [
          [
            -1.1999999999999988,
            1.2
          ],
          [
            -1.2,
            1.2
          ]
        ],
        "S": [
          [
            7.500000000000001,
            0.0
          ],
          [
            -0.6,
            0.6
          ]
        ]
      }
    },
    {
      "subset_num": 5,
      "reactions": [
        "R1: A + B -> P",
        "R3: A + C -> Q"
      ],
      "fs": 0.10714285714285712,
      "breakpoints": [
        0.0,
        0.10714285714285712,
        1.0
      ],
      "no_reaction": {
        "A": [
          [
            15.0,
            0.0
          ],
          [
            14.999999999999998,
            0.0
          ]
        ],
        "B": [
          [
            -0.6000000000000001,
            0.6
          ],
          [
            -0.6,
            0.6
          ]
        ],
        "C": [
          [
            -1.2000000000000002,
            1.2
          ],
          [
            -1.2,
            1.2
          ]
        ]
      },
      "all_reactions": {
        "A": [
          [
            -4.144832625267252e-15,
            0.0
          ],
          [
            16.8,
            -1.8000000000000003
          ]
        ],
        "B": [
          [
            -5.6000000000000005,
            0.6
          ],
          [
            0.0,
            0.0
          ]
        ],
        "C": [
          [
            -11.200000000000001,
            1.2
          ],
          [
            0.0,
            0.0
          ]
        ],
        "P": [
          [
            5.000000000000001,
            0.0
          ],
          [
            -0.6,
            0.6
          ]
        ],
        "Q": [
          [
            10.000000000000002,
            0.0
          ],
          [
            -1.2,
            1.2
          ]
        ]
      }
    },
    {
      "subset_num": 6,
      "reactions": [
        "R2: A + P -> S",
        "R3: A + C -> Q"
      ],
      "fs": 0.07407407407407407,
      "breakpoints": [
        0.0,
        0.07407407407407407,
        1.0
      ],