{
  "meta": {
    "species": [
      "A",
      "B",
      "C",
      "F",
      "Cat",
      "P",
      "S",
      "Q",
      "T",
      "ACat",
      "X"
    ],
    "reactions": [
      "R1: A + B -> P"
    ],
    "stream_1_feed": [
      15.0,
      0.0,
      0.0,
      6.0,
      4.0,
      0.0,
      0.0,
      0.0,
      0.0,
      0.0,
      0.0
    ],
    "stream_2_feed": [
      0.0,
      10.0,
      7.0,
      0.0,
      0.0,
      3.0,
      0.0,
      0.0,
      0.0,
      0.0,
      0.0
    ]
  },
  "subsets": [
    {
      "subset_num": 0,
      "reactions": [],
      "fs": null,
      "breakpoints": [
        0.0,
        1.0
      ],
      "no_reaction": {
        "A": [
          [
            15.0,
            0.0
          ]
        ],
        "B": [
          [
            -10.0,
            10.0
          ]
        ],
        "C": [
          [
            -7.0,
            7.0
          ]
        ],
        "F": [
          [
            6.0,
            0.0
          ]
        ],
        "Cat": [
          [
            4.0,
            0.0
          ]
        ],
        "P": [
          [
            -3.0,
            3.0
          ]
        ]
      },
      "all_reactions": {
        "A": [
          [
            15.0,
            0.0
          ]
        ],
        "B": [
          [
            -10.0,
            10.0
          ]
        ],
        "C": [
          [
            -7.0,
            7.0
          ]
        ],
        "F": [
          [
            6.0,
            0.0
          ]
        ],
        "Cat": [
          [
            4.0,
            0.0
          ]
        ],
        "P": [
          [
            -3.0,
            3.0
          ]
        ]
      }
    },
    {
      "subset_num": 1,
      "reactions": [
        "R1: A + B -> P"
      ],
      "fs": 0.4,
      "breakpoints": [
        0.0,
        0.4,
        1.0
      ],
      "no_reaction": {
        "A": [
          [
            15.0,
            0.0
          ],
          [
            15.0,
            0.0
          ]
        ],
        "B": [
          [
            -10.0,
            10.0
          ],
          [
            -10.0,
            10.0
          ]
        ],
        "C": [
          [
            -6.999999999999999,
            7.0
          ],
          [
            -7.000000000000001,
            7.000000000000001
          ]
        ],
        "F": [
          [
            6.000000000000001,
            0.0
          ],
          [
            6.0,
            0.0
          ]
        ],
        "Cat": [
          [
            4.0,
            0.0
          ],
          [
            4.0,
            0.0
          ]
        ],
        "P": [
          [
            -3.0000000000000004,
            3.0
          ],
          [
            -3.0,
            3.0
          ]
        ]
      },
      "all_reactions": {
        "A": [
          [
            0.0,
            0.0
          ],
          [
            25.0,
            -10.0
          ]
        ],
        "B": [
          [
            -25.0,
            10.0
          ],
          [
            0.0,
            0.0
          ]
        ],
        "C": [
          [
            -6.999999999999999,
            7.0
          ],
          [
            -7.000000000000001,
            7.000000000000001
          ]
        ],
        "F": [
          [
            6.000000000000001,
            0.0
          ],
          [
            6.0,
            0.0
          ]
        ],
        "Cat": [
          [
            4.0,
            0.0
          ],
          [
            4.0,
            0.0
          ]
        ],
        "P": [
          [
            11.999999999999998,
            3.0
          ],
          [
            -13.0,
            13.0
          ]
        ]
      }
    }
  ]
}