{
  "meta": {
    "species": [
      "A",
      "B",
      "C",
      "F",
      "Cat",
      "P",
      "S",
      "Q",
      "T",
      "ACat",
      "X"
    ],
    "reactions": [
      "R1: A + B -> P"
    ],
    "stream_1_feed": [
      15.0,
      1.0,
      0.0,
      0.0,
      0.0,
      0.0,
      0.0,
      0.0,
      0.0,
      0.0,
      0.0
    ],
    "stream_2_feed": [
      1.0,
      10.0,
      0.0,
      0.0,
      0.0,
      0.0,
      0.0,
      0.0,
      0.0,
      0.0,
      0.0
    ]
  },
  "subsets": [
    {
      "subset_num": 0,
      "reactions": [],
      "fs": null,
      "breakpoints": [
        0.0,
        1.0
      ],
      "no_reaction": {
        "A": [
          [
            14.0,
            1.0
          ]
        ],
        "B": [
          [
            -9.0,
            10.0
          ]
        ]
      },
      "all_reactions": {
        "A": [
          [
            14.0,
            1.0
          ]
        ],
        "B": [
          [
            -9.0,
            10.0
          ]
        ]
      }
    },
    {
      "subset_num": 1,
      "reactions": [
        "R1: A + B -> P"
      ],
      "fs": 0.391304347826087,
      "breakpoints": [
        0.0,
        0.391304347826087,
        1.0
      ],
      "no_reaction": {
        "A": [
          [
            14.0,
            1.0
          ],
          [
            13.999999999999996,
            1.0000000000000018
          ]
        ],
        "B": [
          [
            -8.999999999999998,
            10.0
          ],
          [
            -9.0,
            10.0
          ]
        ]
      },
      "all_reactions": {
        "A": [
          [
            0.0,
            0.0
          ],
          [
            23.0,
            -9.0
          ]
        ],
        "B": [
          [
            -23.0,
            9.0
          ],
          [
            0.0,
            0.0
          ]
        ],
        "P": [
          [
            14.0,
            1.0
          ],
          [
            -9.0,
            10.0
          ]
        ]
      }
    }
  ]
}