{
  "meta": {
    "species": [
      "HCl",
      "NaOH",
      "NaCl",
      "H2O",
      "DMP",
      "Acetone",
      "MeOH",
      "HCl_star"
    ],
    "reactions": [
      "R1: HCl + NaOH -> NaCl + H2O",
      "R2: DMP + H2O + HCl -> Acetone + 2MeOH + HCl_star",
      "R3: HCl_star -> HCl"
    ],
    "stream_1_feed": [
      2000.0,
      0.0,
      0.0,
      0.0,
      0.0,
      0.0,
      0.0,
      0.0
    ],
    "stream_2_feed": [
      0.0,
      210.0,
      0.0,
      55000.0,
      210.0,
      0.0,
      0.0,
      0.0
    ]
  },
  "subsets": [
    {
      "subset_num": 0,
      "reactions": [],
      "fs": null,
      "breakpoints": [
        0.0,
        1.0
      ],
      "no_reaction": {
        "HCl": [
          [
            2000.0,
            0.0
          ]
        ],
        "NaOH": [
          [
            -210.0,
            210.0
          ]
        ],
        "H2O": [
          [
            -55000.0,
            55000.0
          ]
        ],
        "DMP": [
          [
            -210.0,
            210.0
          ]
        ]
      },
      "all_reactions": {
        "HCl": [
          [
            2000.0,
            0.0
          ]
        ],
        "NaOH": [
          [
            -210.0,
            210.0
          ]
        ],
        "H2O": [
          [
            -55000.0,
            55000.0
          ]
        ],
        "DMP": [
          [
            -210.0,
            210.0
          ]
        ]
      }
    },
    {
      "subset_num": 1,
      "reactions": [
        "R1: HCl + NaOH -> NaCl + H2O"
      ],
      "fs": 0.09502262443438914,
      "breakpoints": [
        0.0,
        0.09502262443438914,
        1.0
      ],
      "no_reaction": {
        "HCl": [
          [
            1999.9999999999998,
            0.0
          ],
          [
            2000.0,
            0.0
          ]
        ],
        "NaOH": [
          [
            -209.99999999999994,
            210.0
          ],
          [
            -210.0,
            210.0
          ]
        ],
        "H2O": [
          [
            -55000.00000000003,
            55000.0
          ],
          [
            -55000.0,
            55000.0
          ]
        ],
        "DMP": [
          [
            -209.99999999999994,
            210.0
          ],
          [
            -210.0,
            210.0
          ]
        ]
      },
      "all_reactions": {
        "HCl": [
          [
            0.0,
            0.0
          ],
          [
            2210.0,
            -210.0
          ]
        ],
        "NaOH": [
          [
            -2210.0,
            210.0
          ],
          [
            -3.140598892059643e-14,
            3.140598892059643e-14
          ]
        ],
        "NaCl": [
          [
            1999.9999999999998,
            0.0
          ],
          [
            -209.99999999999997,
            209.99999999999997
          ]
        ],
        "H2O": [
          [
            -53000.0,
            55000.0
          ],
          [
            -55210.0,
            55210.0
          ]
        ],
        "DMP": [
          [
            -209.99999999999994,
            210.0
          ],
          [
            -210.0,
            210.0
          ]
        ]
      }
    },
    {
      "subset_num": 2,
      "reactions": [
        "R2: DMP + H2O + HCl -> Acetone + 2MeOH + HCl_star"
      ],
      "fs": 0.09502262443438914,
      "breakpoints": [
        0.0,
        0.09502262443438914,
        1.0
      ],
      "no_reaction": {
        "HCl": [
          [
            1999.9999999999998,
            0.0
          ],
          [
            2000.0,
            0.0
          ]
        ],
        "NaOH": [
          [
            -209.99999999999994,
            210.0
          ],
          [
            -210.0,
            210.0
          ]
        ],
        "H2O": [
          [
            -55000.00000000003,
            55000.0
          ],
          [
            -55000.0,
            55000.0
          ]
        ],
        "DMP": [
          [
            -209.99999999999994,
            210.0
          ],
          [
            -210.0,
            210.0
          ]
        ]
      },
      "all_reactions": {
        "HCl": [
          [
            0.0,
            0.0
          ],
          [
            2210.0,
            -210.0
          ]
        ],
        "NaOH": [
          [
            -209.99999999999994,
            210.0
          ],
          [
            -210.0,
            210.0
          ]
        ],
        "H2O": [
          [
            -57000.00000000005,
            55000.0
          ],
          [
            -54789.99999999999,
            54789.99999999999
          ]
        ],
        "DMP": [
          [
            -2210.0,
            210.0
          ],
          [
            -3.140598892059643e-14,
            3.140598892059643e-14
          ]
        ],
        "Acetone": [
          [
            1999.9999999999998,
            0.0
          ],
          [
            -209.99999999999997,
            209.99999999999997
          ]
        ],
        "MeOH": [
          [
            3999.9999999999995,
            0.0
          ],
          [
            -419.99999999999994,
            419.99999999999994
          ]
        ],
        "HCl_star": [
          [
            1999.9999999999998,
            0.0
          ],
          [
            -209.99999999999997,
            209.99999999999997
          ]
        ]
      }
    },
    {
      "subset_num": 3,
      "reactions": [
        "R3: HCl_star -> HCl"
      ],
      "fs": null,
      "breakpoints": [
        0.0,
        1.0
      ],
      "no_reaction": {
        "HCl": [
          [
            2000.0,
            0.0
          ]
        ],
        "NaOH": [
          [
            -210.0,
            210.0
          ]
        ],
        "H2O": [
          [
            -55000.0,
            55000.0
          ]
        ],
        "DMP": [
          [
            -210.0,
            210.0
          ]
        ]
      },
      "all_reactions": {
        "HCl": [
          [
            2000.0,
            0.0
          ]
        ],
        "NaOH": [
          [
            -210.0,
            210.0
          ]
        ],
        "H2O": [
          [
            -55000.0,
            55000.0
          ]
        ],
        "DMP": [
          [
            -210.0,
            210.0
          ]
        ]
      }
    },
    {
      "subset_num": 4,
      "reactions": [
        "R1: HCl + NaOH -> NaCl + H2O",
        "R2: DMP + H2O + HCl -> Acetone + 2MeOH + HCl_star"
      ],
      "fs": 0.17355371900826447,
      "breakpoints": [
        0.0,
        0.17355371900826447,
        1.0
      ],
      "no_reaction": {
        "HCl": [
          [
            2000.0,
            0.0
          ],
          [
            2000.0,
            0.0
          ]
        ],
        "NaOH": [
          [
            -209.99999999999997,
            210.0
          ],
          [
            -210.0,
            210.0
          ]
        ],
        "H2O": [
          [
            -54999.99999999999,
            55000.0
          ],
          [
            -55000.0,
            55000.0
          ]
        ],
        "DMP": [
          [
            -209.99999999999997,
            210.0
          ],
          [
            -210.0,
            210.0
          ]
        ]
      },
      "all_reactions": {
        "HCl": [
          [
            0.0,
            0.0
          ],
          [
            2420.0,
            -420.0
          ]
        ],
        "NaOH": [
          [
            -1210.0,
            210.0
          ],
          [
            0.0,
            0.0
          ]
        ],
        "NaCl": [
          [
            1000.0,
            0.0
          ],
          [
            -210.0,
            210.0
          ]
        ],