{
  "meta": {
    "species": [
      "A",
      "B",
      "C",
      "F",
      "Cat",
      "P",
      "S",
      "Q",
      "T",
      "ACat",
      "X"
    ],
    "reactions": [
      "R1: A + B -> P elementary",
      "R2: A + P -> S",
      "R3: A + C -> Q"
    ],
    "stream_1_feed": [
      15.0,
      0.0,
      0.0,
      0.0,
      0.0,
      0.0,
      0.0,
      0.0,
      0.0,
      0.0,
      0.0
    ],
    "stream_2_feed": [
      0.0,
      1.2,
      1.2,
      0.0,
      0.0,
      0.0,
      0.0,
      0.0,
      0.0,
      0.0,
      0.0
    ]
  },
  "subsets": [
    {
      "subset_num": 0,
      "reactions": [],
      "fs": null,
      "breakpoints": [
        0.0,
        1.0
      ],
      "no_reaction": {
        "A": [
          [
            15.0,
            0.0
          ]
        ],
        "B": [
          [
            -1.2,
            1.2
          ]
        ],
        "C": [
          [
            -1.2,
            1.2
          ]
        ]
      },
      "all_reactions": {
        "A": [
          [
            15.0,
            0.0
          ]
        ],
        "B": [
          [
            -1.2,
            1.2
          ]
        ],
        "C": [
          [
            -1.2,
            1.2
          ]
        ]
      }
    },
    {
      "subset_num": 1,
      "reactions": [
        "R1: A + B -> P elementary"
      ],
      "fs": 0.07407407407407407,
      "breakpoints": [
        0.0,
        0.07407407407407407,
        1.0
      ],
      "no_reaction": {
        "A": [
          [
            15.000000000000002,
            0.0
          ],
          [
            15.0,
            0.0
          ]
        ],
        "B": [
          [
            -1.1999999999999988,
            1.2
          ],
          [
            -1.2,
            1.2
          ]
        ],
        "C": [
          [
            -1.1999999999999988,
            1.2
          ],
          [
            -1.2,
            1.2
          ]
        ]
      },
      "all_reactions": {
        "A": [
          [
            0.0,
            0.0
          ],
          [
            16.2,
            -1.2
          ]
        ],
        "B": [
          [
            -16.2,
            1.2
          ],
          [
            0.0,
            0.0
          ]
        ],
        "C": [
          [
            -1.1999999999999988,
            1.2
          ],
          [
            -1.2,
            1.2
          ]
        ],
        "P": [
          [
            15.000000000000002,
            0.0
          ],
          [
            -1.2,
            1.2
          ]
        ]
      }
    },
    {
      "subset_num": 2,
      "reactions": [
        "R2: A + P -> S"
      ],
      "fs": null,
      "breakpoints": [
        0.0,
        1.0
      ],
      "no_reaction": {
        "A": [
          [
            15.0,
            0.0
          ]
        ],
        "B": [
          [
            -1.2,
            1.2
          ]
        ],
        "C": [
          [
            -1.2,
            1.2
          ]
        ]
      },
      "all_reactions": {
        "A": [
          [
            15.0,
            0.0
          ]
        ],
        "B": [
          [
            -1.2,
            1.2
          ]
        ],
        "C": [
          [
            -1.2,
            1.2
          ]
        ]
      }
    },
    {
      "subset_num": 3,
      "reactions": [
        "R3: A + C -> Q"
      ],
      "fs": 0.07407407407407407,
      "breakpoints": [
        0.0,
        0.07407407407407407,
        1.0
      ],
      "no_reaction": {
        "A": [
          [
            15.000000000000002,
            0.0
          ],
          [
            15.0,
            0.0
          ]
        ],
        "B": [
          [
            -1.1999999999999988,
            1.2
          ],
          [
            -1.2,
            1.2
          ]
        ],
        "C": [
          [
            -1.1999999999999988,
            1.2
          ],
          [
            -1.2,
            1.2
          ]
        ]
      },
      "all_reactions": {
        "A": [
          [
            0.0,
            0.0
          ],
          [
            16.2,
            -1.2
          ]
        ],
        "B": [
          [
            -1.1999999999999988,
            1.2
          ],
          [
            -1.2,
            1.2
          ]
        ],
        "C": [
          [
            -16.2,
            1.2
          ],
          [
            0.0,
            0.0
          ]
        ],
        "Q": [
          [
            15.000000000000002,
            0.0
          ],
          [
            -1.2,
            1.2
          ]
        ]
      }
    },
    {
      "subset_num": 4,
      "reactions": [
        "R1: A + B -> P elementary",
        "R2: A + P -> S"
      ],
      "fs": 0.13793103448275862,
      "breakpoints": [
        0.0,
        0.13793103448275862,
        1.0
      ],
      "no_reaction": {
        "A": [
          [
            15.000000000000002,
            0.0
          ],
          [
            15.000000000000002,
            0.0
          ]
        ],
        "B": [
          [
            -1.2000000000000008,
            1.2
          ],
          [
            -1.2,
            1.1999999999999997
          ]
        ],
        "C": [
          [
            -1.2000000000000008,
            1.2
          ],
          [
            -1.2,
            1.1999999999999997
          ]
        ]
      },
      "all_reactions": {
        "A": [
          [
            0.0,
            0.0
          ],
          [
            17.400000000000002,
            -2.4000000000000004
          ]
        ],
        "B": [
          [
            -8.700000000000001,
            1.2
          ],
          [
            2.5757174171303635e-16,
            -2.5757174171303635e-16
          ]
        ],
        "C": [
          [
            -1.2000000000000008,
            1.2
          ],
          [
            -1.2,
            1.1999999999999997
          ]
        ],
        "S": [
          [
            7.500000000000001,
            0.0
          ],
          [
            -1.2000000000000002,
            1.2000000000000002
          ]
        ]
      }
    },
    {
      "subset_num": 5,
      "reactions": [
        "R1: A + B -> P elementary",
        "R3: A + C -> Q"
      ],
      "fs": 0.13793103448275862,
      "breakpoints": [
        0.0,
        0.13793103448275862,
        1.0
      ],
      "no_reaction": {
        "A": [
          [
            15.000000000000002,
            0.0
          ],
          [
            15.000000000000002,
            0.0
          ]
        ],
        "B": [
          [
            -1.2000000000000008,
            1.2
          ],
          [
            -1.2,
            1.1999999999999997
          ]
        ],
        "C": [
          [
            -1.2000000000000008,
            1.2
          ],
          [
            -1.2,
            1.1999999999999997
          ]
        ]
      },
      "all_reactions": {
        "A": [
          [
            3.219646771412954e-15,
            0.0
          ],
          [
            17.400000000000002,
            -2.4
          ]
        ],
        "B": [
          [
            -8.7,
            1.2
          ],
          [
            0.0,
            0.0
          ]
        ],
        "C": [
          [
            -8.7,
            1.2
          ],
          [
            0.0,
            0.0
          ]
        ],
        "P": [
          [
            7.499999999999999,
            0.0
          ],
          [
            -1.2,
            1.1999999999999997
          ]
        ],
        "Q": [
          [
            7.499999999999999,
            0.0
          ],
          [
            -1.2,
            1.1999999999999997
          ]
        ]
      }
    },
    {
      "subset_num": 6,