{
  "meta": {
    "species": [
      "A",
      "B",
      "C",
      "R",
      "T",
      "S",
      "Q"
    ],
    "reactions": [
      "R1: A + B -> R",
      "R2: A + R -> S",
      "R3: A + B -> T",
      "R4: A + T -> S"
    ],
    "stream_1_feed": [
      15.0,
      0.0,
      0.0,
      0.0,
      0.0,
      0.0,
      0.0
    ],
    "stream_2_feed": [
      0.0,
      1.2,
      0.0,
      0.0,
      0.0,
      0.0,
      0.0
    ]
  },
  "species": {
    "A": {
      "0_2_4_9": {
        "breakpoints": [
          0.0,
          1.0
        ],
        "segments": [
          [
            15.0,
            0.0
          ]
        ]
      },
      "1_3_6_7_8": {
        "breakpoints": [
          0.0,
          0.074074074,
          1.0
        ],
        "segments": [
          [
            0.0,
            0.0
          ],
          [
            16.2,
            -1.2
          ]
        ]
      },
      "5_10_12_14_15": {
        "breakpoints": [
          0.0,
          0.137931034,
          1.0
        ],
        "segments": [
          [
            0.0,
            0.0
          ],
          [
            17.4,
            -2.4
          ]
        ]
      },
      "11_13": {
        "breakpoints": [
          0.0,
          0.107142857,
          1.0
        ],
        "segments": [
          [
            0.0,
            0.0
          ],
          [
            16.8,
            -1.8
          ]
        ]
      }
    },
    "B": {
      "0_2_4_9": {
        "breakpoints": [
          0.0,
          1.0
        ],
        "segments": [
          [
            -1.2,
            1.2
          ]
        ]
      },
      "1_3_6_7_8": {
        "breakpoints": [
          0.0,
          0.074074074,
          1.0
        ],
        "segments": [
          [
            -16.2,
            1.2
          ],
          [
            0.0,
            0.0
          ]
        ]
      },
      "5_10_12_14_15": {
        "breakpoints": [
          0.0,
          0.137931034,
          1.0
        ],
        "segments": [
          [
            -8.7,
            1.2
          ],
          [
            0.0,
            -0.0
          ]
        ]
      },
      "11_13": {
        "breakpoints": [
          0.0,
          0.107142857,
          1.0
        ],
        "segments": [
          [
            -11.2,
            1.2
          ],
          [
            0.0,
            0.0
          ]
        ]
      }
    },
    "R": {
      "1_7": {
        "breakpoints": [
          0.0,
          0.074074074,
          1.0
        ],
        "segments": [
          [
            15.0,
            0.0
          ],
          [
            -1.2,
            1.2
          ]
        ]
      },
      "6": {
        "breakpoints": [
          0.0,
          0.074074074,
          1.0
        ],
        "segments": [
          [
            7.5,
            0.0
          ],
          [
            -0.6,
            0.6
          ]
        ]
      },
      "13": {
        "breakpoints": [
          0.0,
          0.107142857,
          1.0
        ],
        "segments": [
          [
            5.0,
            0.0
          ],
          [
            -0.6,
            0.6
          ]
        ]
      },
      "0_2_3_4_5_8_9_10_11_12_14_15": {
        "breakpoints": [
          0.0,
          1.0
        ],
        "segments": [
          [
            0.0,
            0.0
          ]
        ]
      }
    },
    "T": {
      "3_8": {
        "breakpoints": [
          0.0,
          0.074074074,
          1.0
        ],
        "segments": [
          [
            15.0,
            0.0
          ],
          [
            -1.2,
            1.2
          ]
        ]
      },
      "6": {
        "breakpoints": [
          0.0,
          0.074074074,
          1.0
        ],
        "segments": [
          [
            7.5,
            0.0
          ],
          [
            -0.6,
            0.6
          ]
        ]
      },
      "11": {
        "breakpoints": [
          0.0,
          0.107142857,
          1.0
        ],
        "segments": [
          [
            5.0,
            0.0
          ],
          [
            -0.6,
            0.6
          ]
        ]
      },
      "0_1_2_4_5_7_9_10_12_13_14_15": {
        "breakpoints": [
          0.0,
          1.0
        ],
        "segments": [
          [
            0.0,
            0.0
          ]
        ]
      }
    },
    "S": {
      "5_10_12_14_15": {
        "breakpoints": [
          0.0,
          0.137931034,
          1.0
        ],
        "segments": [
          [
            7.5,
            0.0
          ],
          [
            -1.2,
            1.2
          ]
        ]
      },
      "11_13": {
        "breakpoints": [
          0.0,
          0.107142857,
          1.0
        ],
        "segments": [
          [
            5.0,
            0.0
          ],
          [
            -0.6,
            0.6
          ]
        ]
      },
      "0_1_2_3_4_6_7_8_9": {
        "breakpoints": [
          0.0,
          1.0
        ],
        "segments": [
          [
            0.0,
            0.0
          ]
        ]
      }
    }
  }
}