{
  "meta": {
    "species": [
      "HCl",
      "NaOH",
      "NaCl",
      "H2O",
      "Ester",
      "NaEster",
      "Ethanol"
    ],
    "reactions": [
      "R1: HCl + NaOH -> NaCl + H2O",
      "R2: Ester + NaOH -> NaEster + Ethanol"
    ],
    "stream_1_feed": [
      0.0,
      5000.0,
      0.0,
      0.0,
      0.0,
      0.0,
      0.0
    ],
    "stream_2_feed": [
      84.0,
      0.0,
      0.0,
      0.0,
      84.0,
      0.0,
      0.0
    ]
  },
  "species": {
    "HCl": {
      "0_2": {
        "breakpoints": [
          0.0,
          1.0
        ],
        "segments": [
          [
            -84.0,
            84.0
          ]
        ]
      },
      "1": {
        "breakpoints": [
          0.0,
          0.016522423,
          1.0
        ],
        "segments": [
          [
            -5084.0,
            84.0
          ],
          [
            0.0,
            0.0
          ]
        ]
      },
      "3": {
        "breakpoints": [
          0.0,
          0.03250774,
          1.0
        ],
        "segments": [
          [
            -2584.0,
            84.0
          ],
          [
            0.0,
            0.0
          ]
        ]
      }
    },
    "NaOH": {
      "0": {
        "breakpoints": [
          0.0,
          1.0
        ],
        "segments": [
          [
            5000.0,
            0.0
          ]
        ]
      },
      "1_2": {
        "breakpoints": [
          0.0,
          0.016522423,
          1.0
        ],
        "segments": [
          [
            0.0,
            0.0
          ],
          [
            5084.0,
            -84.0
          ]
        ]
      },
      "3": {
        "breakpoints": [
          0.0,
          0.03250774,
          1.0
        ],
        "segments": [
          [
            0.0,
            0.0
          ],
          [
            5168.0,
            -168.0
          ]
        ]
      }
    },
    "NaCl": {
      "1": {
        "breakpoints": [
          0.0,
          0.016522423,
          1.0
        ],
        "segments": [
          [
            5000.0,
            0.0
          ],
          [
            -84.0,
            84.0
          ]
        ]
      },
      "3": {
        "breakpoints": [
          0.0,
          0.03250774,
          1.0
        ],
        "segments": [
          [
            2500.0,
            0.0
          ],
          [
            -84.0,
            84.0
          ]
        ]
      },
      "0_2": {
        "breakpoints": [
          0.0,
          1.0
        ],
        "segments": [
          [
            0.0,
            0.0
          ]
        ]
      }
    },
    "H2O": {
      "1": {
        "breakpoints": [
          0.0,
          0.016522423,
          1.0
        ],
        "segments": [
          [
            5000.0,
            0.0
          ],
          [
            -84.0,
            84.0
          ]
        ]
      },
      "3": {
        "breakpoints": [
          0.0,
          0.03250774,
          1.0
        ],
        "segments": [
          [
            2500.0,
            0.0
          ],
          [
            -84.0,
            84.0
          ]
        ]
      },
      "0_2": {
        "breakpoints": [
          0.0,
          1.0
        ],
        "segments": [
          [
            0.0,
            0.0
          ]
        ]
      }
    },
    "Ester": {
      "0_1": {
        "breakpoints": [
          0.0,
          1.0
        ],
        "segments": [
          [
            -84.0,
            84.0
          ]
        ]
      },
      "2": {
        "breakpoints": [
          0.0,
          0.016522423,
          1.0
        ],
        "segments": [
          [
            -5084.0,
            84.0
          ],
          [
            0.0,
            0.0
          ]
        ]
      },
      "3": {
        "breakpoints": [
          0.0,
          0.03250774,
          1.0
        ],
        "segments": [
          [
            -2584.0,
            84.0
          ],
          [
            0.0,
            0.0
          ]
        ]
      }
    },
    "NaEster": {
      "2": {
        "breakpoints": [
          0.0,
          0.016522423,
          1.0
        ],
        "segments": [
          [
            5000.0,
            0.0
          ],
          [
            -84.0,
            84.0
          ]
        ]
      },
      "3": {
        "breakpoints": [
          0.0,
          0.03250774,
          1.0
        ],
        "segments": [
          [
            2500.0,
            0.0
          ],
          [
            -84.0,
            84.0
          ]
        ]
      },
      "0_1": {
        "breakpoints": [
          0.0,
          1.0
        ],
        "segments": [
          [
            0.0,
            0.0
          ]
        ]
      }
    },
    "Ethanol": {
      "2": {
        "breakpoints": [
          0.0,
          0.016522423,
          1.0
        ],
        "segments": [
          [
            5000.0,
            0.0
          ],
          [
            -84.0,
            84.0
          ]
        ]
      },
      "3": {
        "breakpoints": [
          0.0,
          0.03250774,
          1.0
        ],
        "segments": [
          [
            2500.0,
            0.0
          ],
          [
            -84.0,
            84.0
          ]
        ]
      },
      "0_1": {
        "breakpoints": [
          0.0,
          1.0
        ],
        "segments": [
          [
            0.0,
            0.0
          ]
        ]
      }
    }
  }
}