{
  "meta": {
    "species": [
      "A",
      "B",
      "C",
      "R",
      "T",
      "S",
      "Q",
      "X"
    ],
    "reactions": [
      "R1: A + B -> R",
      "R2: A + R -> S",
      "R3: A + B -> T",
      "R4: A + T -> S",
      "R5: A + C -> Q",
      "R6: B + C -> X"
    ],
    "stream_1_feed": [
      15.0,
      0.0,
      0.0,
      0.0,
      0.0,
      0.0,
      0.0,
      0.0
    ],
    "stream_2_feed": [
      0.0,
      1.2,
      1.2,
      0.0,
      0.0,
      0.0,
      0.0,
      0.0
    ]
  },
  "species": {
    "A": {
      "0_2_4_6_11_13_15_18_20_21_25_28_30_31_34_36_37_39_40_41_44_46_47_49_50_51_53_54_55_56_58_59_60_61_62_63": {
        "breakpoints": [
          0.0,
          1.0
        ],
        "segments": [
          [
            15.0,
            0.0
          ]
        ]
      },
      "1_3_5_8_9_12_14_19_35": {
        "breakpoints": [
          0.0,
          0.074074074,
          1.0
        ],
        "segments": [
          [
            0.0,
            0.0
          ],
          [
            16.2,
            -1.2
          ]
        ]
      },
      "7_10_16_17_23_27_29_32_33_42": {
        "breakpoints": [
          0.0,
          0.137931034,
          1.0
        ],
        "segments": [
          [
            0.0,
            0.0
          ],
          [
            17.4,
            -2.4
          ]
        ]
      },
      "22_26": {
        "breakpoints": [
          0.0,
          0.107142857,
          1.0
        ],
        "segments": [
          [
            0.0,
            0.0
          ],
          [
            16.8,
            -1.8
          ]
        ]
      },
      "24_38_45_52_57": {
        "breakpoints": [
          0.0,
          0.193548387,
          1.0
        ],
        "segments": [
          [
            0.0,
            0.0
          ],
          [
            18.6,
            -3.6
          ]
        ]
      },
      "43_48": {
        "breakpoints": [
          0.0,
          0.166666667,
          1.0
        ],
        "segments": [
          [
            0.0,
            0.0
          ],
          [
            18.0,
            -3.0
          ]
        ]
      }
    },
    "B": {
      "0_2_4_5_13_14_19_35": {
        "breakpoints": [
          0.0,
          1.0
        ],
        "segments": [
          [
            -1.2,
            1.2
          ]
        ]
      },
      "1_3_8_9_12": {
        "breakpoints": [
          0.0,
          0.074074074,
          1.0
        ],
        "segments": [
          [
            -16.2,
            1.2
          ],
          [
            0.0,
            0.0
          ]
        ]
      },
      "7_10_16_17_23_27_29_32_33_42": {
        "breakpoints": [
          0.0,
          0.137931034,
          1.0
        ],
        "segments": [
          [
            -8.7,
            1.2
          ],
          [
            0.0,
            -0.0
          ]
        ]
      },
      "22_26": {
        "breakpoints": [
          0.0,
          0.107142857,
          1.0
        ],
        "segments": [
          [
            -11.2,
            1.2
          ],
          [
            0.0,
            0.0
          ]
        ]
      },
      "24_38_45_52_57": {
        "breakpoints": [
          0.0,
          0.193548387,
          1.0
        ],
        "segments": [
          [
            -6.2,
            1.2
          ],
          [
            0.0,
            0.0
          ]
        ]
      },
      "43_48": {
        "breakpoints": [
          0.0,
          0.166666667,
          1.0
        ],
        "segments": [
          [
            -7.2,
            1.2
          ],
          [
            0.0,
            0.0
          ]
        ]
      },
      "6_11_15_18_20_21_25_28_30_31_34_36_37_39_40_41_44_46_47_49_50_51_53_54_55_56_58_59_60_61_62_63": {
        "breakpoints": [
          0.0,
          1.0
        ],
        "segments": [
          [
            0.0,
            0.0
          ]
        ]
      }
    },
    "C": {
      "0_1_2_3_4_7_8_9_12_13_16_22_23_26_32_42": {
        "breakpoints": [
          0.0,
          1.0
        ],
        "segments": [
          [
            -1.2,
            1.2
          ]
        ]
      },
      "5_14_19_35": {
        "breakpoints": [
          0.0,
          0.074074074,
          1.0
        ],
        "segments": [
          [
            -16.2,
            1.2
          ],
          [
            0.0,
            0.0
          ]
        ]
      },
      "10_17_27_29_33": {
        "breakpoints": [
          0.0,
          0.137931034,
          1.0
        ],
        "segments": [
          [
            -8.7,
            1.2
          ],
          [
            0.0,
            0.0
          ]
        ]
      },
      "24_38_45_52_57": {
        "breakpoints": [
          0.0,
          0.193548387,
          1.0
        ],
        "segments": [
          [
            -6.2,
            1.2
          ],
          [
            0.0,
            0.0
          ]
        ]
      },
      "43_48": {
        "breakpoints": [
          0.0,
          0.166666667,
          1.0
        ],
        "segments": [
          [
            -7.2,
            1.2
          ],
          [
            0.0,
            0.0
          ]
        ]
      },
      "6_11_15_18_20_21_25_28_30_31_34_36_37_39_40_41_44_46_47_49_50_51_53_54_55_56_58_59_60_61_62_63": {
        "breakpoints": [
          0.0,
          1.0
        ],
        "segments": [
          [
            0.0,
            0.0
          ]
        ]
      }
    },
    "R": {
      "1_9": {
        "breakpoints": [
          0.0,
          0.074074074,
          1.0
        ],
        "segments": [
          [
            15.0,
            0.0
          ],
          [
            -1.2,
            1.2
          ]
        ]
      },
      "8": {
        "breakpoints": [
          0.0,
          0.074074074,
          1.0
        ],
        "segments": [
          [
            7.5,
            0.0
          ],
          [
            -0.6,
            0.6
          ]
        ]
      },
      "10_29": {
        "breakpoints": [
          0.0,
          0.137931034,
          1.0
        ],
        "segments": [
          [
            7.5,
            0.0
          ],
          [
            -1.2,
            1.2
          ]
        ]
      },
      "26": {
        "breakpoints": [
          0.0,
          0.107142857,
          1.0
        ],
        "segments": [
          [
            5.0,
            0.0
          ],
          [
            -0.6,
            0.6
          ]
        ]
      },
      "27": {
        "breakpoints": [
          0.0,
          0.137931034,
          1.0
        ],
        "segments": [
          [
            3.75,
            0.0
          ],
          [
            -0.6,
            0.6
          ]
        ]
      },
      "48": {
        "breakpoints": [
          0.0,
          0.166666667,
          1.0
        ],
        "segments": [
          [
            3.0,
            0.0
          ],
          [
            -0.6,
            0.6
          ]
        ]
      },
      "0_2_3_4_5_6_7_11_12_13_14_15_16_17_18_19_20_21_22_23_24_25_28_30_31_32_33_34_35_36_37_38_39_40_41_42_43_44_45_46_47_49_50_51_52_53_54_55_56_57_58_59_60_61_62_63": {
        "breakpoints": [
          0.0,
          1.0
        ],
        "segments": [
          [
            0.0,
            0.0
          ]
        ]
      }
    },
    "T": {
      "3_12": {
        "breakpoints": [
          0.0,
          0.074074074,
          1.0
        ],
        "segments": [
          [
            15.0,
            0.0
          ],
          [
            -1.2,
            1.2
          ]
        ]
      },
      "8": {
        "breakpoints": [
          0.0,
          0.074074074,
          1.0
        ],