{
  "meta": {
    "species": [
      "HCl",
      "NaOH",
      "NaCl",
      "H2O",
      "DMP",
      "Acetone",
      "MeOH",
      "HCl_star"
    ],
    "reactions": [
      "R1: HCl + NaOH -> NaCl + H2O",
      "R2: DMP + H2O + HCl -> Acetone + 2MeOH + HCl_star",
      "R3: HCl_star -> HCl"
    ],
    "stream_1_feed": [
      2000.0,
      0.0,
      0.0,
      0.0,
      0.0,
      0.0,
      0.0,
      0.0
    ],
    "stream_2_feed": [
      0.0,
      210.0,
      0.0,
      55000.0,
      210.0,
      0.0,
      0.0,
      0.0
    ]
  },
  "species": {
    "HCl": {
      "0_3_6": {
        "breakpoints": [
          0.0,
          1.0
        ],
        "segments": [
          [
            2000.0,
            0.0
          ]
        ]
      },
      "1_2_5_7": {
        "breakpoints": [
          0.0,
          0.095022624,
          1.0
        ],
        "segments": [
          [
            0.0,
            0.0
          ],
          [
            2210.0,
            -210.0
          ]
        ]
      },
      "4": {
        "breakpoints": [
          0.0,
          0.173553719,
          1.0
        ],
        "segments": [
          [
            0.0,
            0.0
          ],
          [
            2420.0,
            -420.0
          ]
        ]
      }
    },
    "NaOH": {
      "0_2_3_6": {
        "breakpoints": [
          0.0,
          1.0
        ],
        "segments": [
          [
            -210.0,
            210.0
          ]
        ]
      },
      "1_5_7": {
        "breakpoints": [
          0.0,
          0.095022624,
          1.0
        ],
        "segments": [
          [
            -2210.0,
            210.0
          ],
          [
            -0.0,
            0.0
          ]
        ]
      },
      "4": {
        "breakpoints": [
          0.0,
          0.173553719,
          1.0
        ],
        "segments": [
          [
            -1210.0,
            210.0
          ],
          [
            0.0,
            0.0
          ]
        ]
      }
    },
    "NaCl": {
      "1_5_7": {
        "breakpoints": [
          0.0,
          0.095022624,
          1.0
        ],
        "segments": [
          [
            2000.0,
            0.0
          ],
          [
            -210.0,
            210.0
          ]
        ]
      },
      "4": {
        "breakpoints": [
          0.0,
          0.173553719,
          1.0
        ],
        "segments": [
          [
            1000.0,
            0.0
          ],
          [
            -210.0,
            210.0
          ]
        ]
      },
      "0_2_3_6": {
        "breakpoints": [
          0.0,
          1.0
        ],
        "segments": [
          [
            0.0,
            0.0
          ]
        ]
      }
    },
    "H2O": {
      "0_3_4": {
        "breakpoints": [
          0.0,
          1.0
        ],
        "segments": [
          [
            -55000.0,
            55000.0
          ]
        ]
      },
      "1_5": {
        "breakpoints": [
          0.0,
          0.095022624,
          1.0
        ],
        "segments": [
          [
            -53000.0,
            55000.0
          ],
          [
            -55210.0,
            55210.0
          ]
        ]
      },
      "2": {
        "breakpoints": [
          0.0,
          0.095022624,
          1.0
        ],
        "segments": [
          [
            -57000.0,
            55000.0
          ],
          [
            -54790.0,
            54790.0
          ]
        ]
      },
      "6": {
        "breakpoints": [
          0.0,
          0.001,
          1.0
        ],
        "segments": [
          [
            -264790.000000001,
            55000.0
          ],
          [
            -54790.0,
            54790.0
          ]
        ]
      },
      "7": {
        "breakpoints": [
          0.0,
          0.095022624,
          0.096022624,
          1.0
        ],
        "segments": [
          [
            -53000.0,
            55000.0
          ],
          [
            -245045.24886878,
            73248.643557667
          ],
          [
            -55000.0,
            55000.0
          ]
        ]
      }
    },
    "DMP": {
      "0_1_3_5": {
        "breakpoints": [
          0.0,
          1.0
        ],
        "segments": [
          [
            -210.0,
            210.0
          ]
        ]
      },
      "2": {
        "breakpoints": [
          0.0,
          0.095022624,
          1.0
        ],
        "segments": [
          [
            -2210.0,
            210.0
          ],
          [
            -0.0,
            0.0
          ]
        ]
      },
      "4": {
        "breakpoints": [
          0.0,
          0.173553719,
          1.0
        ],
        "segments": [
          [
            -1210.0,
            210.0
          ],
          [
            0.0,
            0.0
          ]
        ]
      },
      "6": {
        "breakpoints": [
          0.0,
          0.001,
          1.0
        ],
        "segments": [
          [
            -210000.0,
            210.0
          ],
          [
            0.0,
            0.0
          ]
        ]
      },
      "7": {
        "breakpoints": [
          0.0,
          0.095022624,
          0.096022624,
          1.0
        ],
        "segments": [
          [
            -210.0,
            210.0
          ],
          [
            -190045.248868778,
            18248.643557667
          ],
          [
            0.0,
            0.0
          ]
        ]
      }
    },
    "Acetone": {
      "2": {
        "breakpoints": [
          0.0,
          0.095022624,
          1.0
        ],
        "segments": [
          [
            2000.0,
            0.0
          ],
          [
            -210.0,
            210.0
          ]
        ]
      },
      "4": {
        "breakpoints": [
          0.0,
          0.173553719,
          1.0
        ],
        "segments": [
          [
            1000.0,
            0.0
          ],
          [
            -210.0,
            210.0
          ]
        ]
      },
      "6": {
        "breakpoints": [
          0.0,
          0.001,
          1.0
        ],
        "segments": [
          [
            209790.0,
            0.0
          ],
          [
            -210.0,
            210.0
          ]
        ]
      },
      "7": {
        "breakpoints": [
          0.0,
          0.095022624,
          0.096022624,
          1.0
        ],
        "segments": [
          [
            0.0,
            0.0
          ],
          [
            189835.248868778,
            -18038.643557667
          ],
          [
            -210.0,
            210.0
          ]
        ]
      },
      "0_1_3_5": {
        "breakpoints": [
          0.0,
          1.0
        ],
        "segments": [
          [
            0.0,
            0.0
          ]
        ]
      }
    },
    "MeOH": {
      "2": {
        "breakpoints": [
          0.0,
          0.095022624,
          1.0
        ],
        "segments": [
          [
            4000.0,
            0.0
          ],
          [
            -420.0,
            420.0
          ]
        ]
      },
      "4": {
        "breakpoints": [
          0.0,
          0.173553719,
          1.0
        ],
        "segments": [
          [
            2000.0,
            0.0
          ],
          [
            -420.0,
            420.0
          ]
        ]
      },
      "6": {
        "breakpoints": [
          0.0,
          0.001,
          1.0
        ],
        "segments": [
          [
            419580.0,
            0.0
          ],
          [
            -420.0,
            420.0
          ]
        ]
      },
      "7": {
        "breakpoints": [
          0.0,
          0.095022624,
          0.096022624,
          1.0
        ],