{
  "meta": {
    "species": [
      "A",
      "B",
      "C",
      "F",
      "Cat",
      "P",
      "S",
      "Q",
      "T",
      "ACat",
      "X"
    ],
    "reactions": [
      "R1: A + 2B -> 3P",
      "R2: A + 2P -> 3S",
      "R3: A + 2C -> 3Q"
    ],
    "stream_1_feed": [
      15.0,
      0.0,
      0.0,
      0.0,
      0.0,
      0.0,
      0.0,
      0.0,
      0.0,
      0.0,
      0.0
    ],
    "stream_2_feed": [
      0.0,
      10.0,
      10.0,
      0.0,
      0.0,
      0.0,
      0.0,
      0.0,
      0.0,
      0.0,
      0.0
    ]
  },
  "species": {
    "A": {
      "0_2": {
        "breakpoints": [
          0.0,
          1.0
        ],
        "segments": [
          [
            15.0,
            0.0
          ]
        ]
      },
      "1_3_6": {
        "breakpoints": [
          0.0,
          0.25,
          1.0
        ],
        "segments": [
          [
            0.0,
            0.0
          ],
          [
            20.0,
            -5.0
          ]
        ]
      },
      "4": {
        "breakpoints": [
          0.0,
          0.454545455,
          1.0
        ],
        "segments": [
          [
            0.0,
            0.0
          ],
          [
            27.5,
            -12.5
          ]
        ]
      },
      "5": {
        "breakpoints": [
          0.0,
          0.4,
          1.0
        ],
        "segments": [
          [
            0.0,
            0.0
          ],
          [
            25.0,
            -10.0
          ]
        ]
      },
      "7": {
        "breakpoints": [
          0.0,
          0.538461538,
          1.0
        ],
        "segments": [
          [
            -0.0,
            0.0
          ],
          [
            32.5,
            -17.5
          ]
        ]
      }
    },
    "B": {
      "0_2_3_6": {
        "breakpoints": [
          0.0,
          1.0
        ],
        "segments": [
          [
            -10.0,
            10.0
          ]
        ]
      },
      "1": {
        "breakpoints": [
          0.0,
          0.25,
          1.0
        ],
        "segments": [
          [
            -40.0,
            10.0
          ],
          [
            0.0,
            0.0
          ]
        ]
      },
      "4": {
        "breakpoints": [
          0.0,
          0.454545455,
          1.0
        ],
        "segments": [
          [
            -22.0,
            10.0
          ],
          [
            0.0,
            -0.0
          ]
        ]
      },
      "5": {
        "breakpoints": [
          0.0,
          0.4,
          1.0
        ],
        "segments": [
          [
            -25.0,
            10.0
          ],
          [
            0.0,
            0.0
          ]
        ]
      },
      "7": {
        "breakpoints": [
          0.0,
          0.538461538,
          1.0
        ],
        "segments": [
          [
            -18.571428571,
            10.0
          ],
          [
            0.0,
            0.0
          ]
        ]
      }
    },
    "C": {
      "0_1_2_4": {
        "breakpoints": [
          0.0,
          1.0
        ],
        "segments": [
          [
            -10.0,
            10.0
          ]
        ]
      },
      "3_6": {
        "breakpoints": [
          0.0,
          0.25,
          1.0
        ],
        "segments": [
          [
            -40.0,
            10.0
          ],
          [
            0.0,
            0.0
          ]
        ]
      },
      "5": {
        "breakpoints": [
          0.0,
          0.4,
          1.0
        ],
        "segments": [
          [
            -25.0,
            10.0
          ],
          [
            0.0,
            0.0
          ]
        ]
      },
      "7": {
        "breakpoints": [
          0.0,
          0.538461538,
          1.0
        ],
        "segments": [
          [
            -18.571428571,
            10.0
          ],
          [
            0.0,
            0.0
          ]
        ]
      }
    },
    "P": {
      "1": {
        "breakpoints": [
          0.0,
          0.25,
          1.0
        ],
        "segments": [
          [
            45.0,
            0.0
          ],
          [
            -15.0,
            15.0
          ]
        ]
      },
      "5": {
        "breakpoints": [
          0.0,
          0.4,
          1.0
        ],
        "segments": [
          [
            22.5,
            0.0
          ],
          [
            -15.0,
            15.0
          ]
        ]
      },
      "0_2_3_4_6_7": {
        "breakpoints": [
          0.0,
          1.0
        ],
        "segments": [
          [
            0.0,
            0.0
          ]
        ]
      }
    },
    "S": {
      "4": {
        "breakpoints": [
          0.0,
          0.454545455,
          1.0
        ],
        "segments": [
          [
            27.0,
            0.0
          ],
          [
            -22.5,
            22.5
          ]
        ]
      },
      "7": {
        "breakpoints": [
          0.0,
          0.538461538,
          1.0
        ],
        "segments": [
          [
            19.285714286,
            0.0
          ],
          [
            -22.5,
            22.5
          ]
        ]
      },
      "0_1_2_3_5_6": {
        "breakpoints": [
          0.0,
          1.0
        ],
        "segments": [
          [
            0.0,
            0.0
          ]
        ]
      }
    },
    "Q": {
      "3_6": {
        "breakpoints": [
          0.0,
          0.25,
          1.0
        ],
        "segments": [
          [
            45.0,
            0.0
          ],
          [
            -15.0,
            15.0
          ]
        ]
      },
      "5": {
        "breakpoints": [
          0.0,
          0.4,
          1.0
        ],
        "segments": [
          [
            22.5,
            0.0
          ],
          [
            -15.0,
            15.0
          ]
        ]
      },
      "7": {
        "breakpoints": [
          0.0,
          0.538461538,
          1.0
        ],
        "segments": [
          [
            12.857142857,
            0.0
          ],
          [
            -15.0,
            15.0
          ]
        ]
      },
      "0_1_2_4": {
        "breakpoints": [
          0.0,
          1.0
        ],
        "segments": [
          [
            0.0,
            0.0
          ]
        ]
      }
    }
  }
}