{
  "meta": {
    "species": [
      "A",
      "B",
      "C",
      "R",
      "T",
      "S",
      "Q"
    ],
    "reactions": [
      "R1: A + B -> R",
      "R2: A + R -> S",
      "R3: A + B -> T",
      "R4: A + T -> S",
      "R5: A + C -> Q"
    ],
    "stream_1_feed": [
      15.0,
      0.0,
      0.0,
      0.0,
      0.0,
      0.0,
      0.0
    ],
    "stream_2_feed": [
      0.0,
      1.2,
      1.2,
      0.0,
      0.0,
      0.0,
      0.0
    ]
  },
  "species": {
    "A": {
      "0_2_4_11": {
        "breakpoints": [
          0.0,
          1.0
        ],
        "segments": [
          [
            15.0,
            0.0
          ]
        ]
      },
      "1_3_5_7_8_10_12_15_24": {
        "breakpoints": [
          0.0,
          0.074074074,
          1.0
        ],
        "segments": [
          [
            0.0,
            0.0
          ],
          [
            16.2,
            -1.2
          ]
        ]
      },
      "6_9_13_14_17_20_21_22_23_26": {
        "breakpoints": [
          0.0,
          0.137931034,
          1.0
        ],
        "segments": [
          [
            0.0,
            0.0
          ],
          [
            17.4,
            -2.4
          ]
        ]
      },
      "16_19": {
        "breakpoints": [
          0.0,
          0.107142857,
          1.0
        ],
        "segments": [
          [
            0.0,
            0.0
          ],
          [
            16.8,
            -1.8
          ]
        ]
      },
      "18_25_28_30_31": {
        "breakpoints": [
          0.0,
          0.193548387,
          1.0
        ],
        "segments": [
          [
            0.0,
            0.0
          ],
          [
            18.6,
            -3.6
          ]
        ]
      },
      "27_29": {
        "breakpoints": [
          0.0,
          0.166666667,
          1.0
        ],
        "segments": [
          [
            0.0,
            0.0
          ],
          [
            18.0,
            -3.0
          ]
        ]
      }
    },
    "B": {
      "0_2_4_5_11_12_15_24": {
        "breakpoints": [
          0.0,
          1.0
        ],
        "segments": [
          [
            -1.2,
            1.2
          ]
        ]
      },
      "1_3_7_8_10": {
        "breakpoints": [
          0.0,
          0.074074074,
          1.0
        ],
        "segments": [
          [
            -16.2,
            1.2
          ],
          [
            0.0,
            0.0
          ]
        ]
      },
      "6_9_13_14_17_20_21_22_23_26": {
        "breakpoints": [
          0.0,
          0.137931034,
          1.0
        ],
        "segments": [
          [
            -8.7,
            1.2
          ],
          [
            0.0,
            -0.0
          ]
        ]
      },
      "16_19": {
        "breakpoints": [
          0.0,
          0.107142857,
          1.0
        ],
        "segments": [
          [
            -11.2,
            1.2
          ],
          [
            0.0,
            0.0
          ]
        ]
      },
      "18_25_28_30_31": {
        "breakpoints": [
          0.0,
          0.193548387,
          1.0
        ],
        "segments": [
          [
            -6.2,
            1.2
          ],
          [
            0.0,
            0.0
          ]
        ]
      },
      "27_29": {
        "breakpoints": [
          0.0,
          0.166666667,
          1.0
        ],
        "segments": [
          [
            -7.2,
            1.2
          ],
          [
            0.0,
            0.0
          ]
        ]
      }
    },
    "C": {
      "0_1_2_3_4_6_7_8_10_11_13_16_17_19_22_26": {
        "breakpoints": [
          0.0,
          1.0
        ],
        "segments": [
          [
            -1.2,
            1.2
          ]
        ]
      },
      "5_12_15_24": {
        "breakpoints": [
          0.0,
          0.074074074,
          1.0
        ],
        "segments": [
          [
            -16.2,
            1.2
          ],
          [
            0.0,
            0.0
          ]
        ]
      },
      "9_14_20_21_23": {
        "breakpoints": [
          0.0,
          0.137931034,
          1.0
        ],
        "segments": [
          [
            -8.7,
            1.2
          ],
          [
            0.0,
            0.0
          ]
        ]
      },
      "18_25_28_30_31": {
        "breakpoints": [
          0.0,
          0.193548387,
          1.0
        ],
        "segments": [
          [
            -6.2,
            1.2
          ],
          [
            0.0,
            0.0
          ]
        ]
      },
      "27_29": {
        "breakpoints": [
          0.0,
          0.166666667,
          1.0
        ],
        "segments": [
          [
            -7.2,
            1.2
          ],
          [
            0.0,
            0.0
          ]
        ]
      }
    },
    "R": {
      "1_8": {
        "breakpoints": [
          0.0,
          0.074074074,
          1.0
        ],
        "segments": [
          [
            15.0,
            0.0
          ],
          [
            -1.2,
            1.2
          ]
        ]
      },
      "7": {
        "breakpoints": [
          0.0,
          0.074074074,
          1.0
        ],
        "segments": [
          [
            7.5,
            0.0
          ],
          [
            -0.6,
            0.6
          ]
        ]
      },
      "9_21": {
        "breakpoints": [
          0.0,
          0.137931034,
          1.0
        ],
        "segments": [
          [
            7.5,
            0.0
          ],
          [
            -1.2,
            1.2
          ]
        ]
      },
      "19": {
        "breakpoints": [
          0.0,
          0.107142857,
          1.0
        ],
        "segments": [
          [
            5.0,
            0.0
          ],
          [
            -0.6,
            0.6
          ]
        ]
      },
      "20": {
        "breakpoints": [
          0.0,
          0.137931034,
          1.0
        ],
        "segments": [
          [
            3.75,
            0.0
          ],
          [
            -0.6,
            0.6
          ]
        ]
      },
      "29": {
        "breakpoints": [
          0.0,
          0.166666667,
          1.0
        ],
        "segments": [
          [
            3.0,
            0.0
          ],
          [
            -0.6,
            0.6
          ]
        ]
      },
      "0_2_3_4_5_6_10_11_12_13_14_15_16_17_18_22_23_24_25_26_27_28_30_31": {
        "breakpoints": [
          0.0,
          1.0
        ],
        "segments": [
          [
            0.0,
            0.0
          ]
        ]
      }
    },
    "T": {
      "3_10": {
        "breakpoints": [
          0.0,
          0.074074074,
          1.0
        ],
        "segments": [
          [
            15.0,
            0.0
          ],
          [
            -1.2,
            1.2
          ]
        ]
      },
      "7": {
        "breakpoints": [
          0.0,
          0.074074074,
          1.0
        ],
        "segments": [
          [
            7.5,
            0.0
          ],
          [
            -0.6,
            0.6
          ]
        ]
      },
      "14_23": {
        "breakpoints": [
          0.0,
          0.137931034,
          1.0
        ],
        "segments": [
          [
            7.5,
            0.0
          ],
          [
            -1.2,
            1.2
          ]
        ]
      },
      "16": {
        "breakpoints": [
          0.0,
          0.107142857,
          1.0
        ],
        "segments": [
          [
            5.0,
            0.0
          ],
          [
            -0.6,
            0.6
          ]
        ]
      },
      "20": {
        "breakpoints": [
          0.0,
          0.137931034,
          1.0
        ],