{
  "meta": {
    "species": [
      "A",
      "B",
      "C",
      "F",
      "Cat",
      "P",
      "S",
      "Q",
      "T",
      "ACat",
      "X"
    ],
    "reactions": [
      "R1: A + B -> P",
      "R2: A + P -> S",
      "R3: A + C -> Q"
    ],
    "stream_1_feed": [
      15.0,
      0.0,
      0.0,
      6.0,
      4.0,
      0.0,
      0.0,
      0.0,
      0.0,
      0.0,
      0.0
    ],
    "stream_2_feed": [
      0.0,
      10.0,
      7.0,
      0.0,
      0.0,
      3.0,
      0.0,
      0.0,
      0.0,
      0.0,
      0.0
    ]
  },
  "species": {
    "A": {
      "0": {
        "breakpoints": [
          0.0,
          1.0
        ],
        "segments": [
          [
            15.0,
            0.0
          ]
        ]
      },
      "1_6": {
        "breakpoints": [
          0.0,
          0.4,
          1.0
        ],
        "segments": [
          [
            0.0,
            0.0
          ],
          [
            25.0,
            -10.0
          ]
        ]
      },
      "2": {
        "breakpoints": [
          0.0,
          0.166666667,
          1.0
        ],
        "segments": [
          [
            0.0,
            0.0
          ],
          [
            18.0,
            -3.0
          ]
        ]
      },
      "3": {
        "breakpoints": [
          0.0,
          0.318181818,
          1.0
        ],
        "segments": [
          [
            0.0,
            0.0
          ],
          [
            22.0,
            -7.0
          ]
        ]
      },
      "4": {
        "breakpoints": [
          0.0,
          0.605263158,
          1.0
        ],
        "segments": [
          [
            0.0,
            0.0
          ],
          [
            38.0,
            -23.0
          ]
        ]
      },
      "5": {
        "breakpoints": [
          0.0,
          0.53125,
          1.0
        ],
        "segments": [
          [
            0.0,
            0.0
          ],
          [
            32.0,
            -17.0
          ]
        ]
      },
      "7": {
        "breakpoints": [
          0.0,
          0.666666667,
          1.0
        ],
        "segments": [
          [
            -0.0,
            0.0
          ],
          [
            45.0,
            -30.0
          ]
        ]
      }
    },
    "B": {
      "0_2_3_6": {
        "breakpoints": [
          0.0,
          1.0
        ],
        "segments": [
          [
            -10.0,
            10.0
          ]
        ]
      },
      "1": {
        "breakpoints": [
          0.0,
          0.4,
          1.0
        ],
        "segments": [
          [
            -25.0,
            10.0
          ],
          [
            0.0,
            0.0
          ]
        ]
      },
      "4": {
        "breakpoints": [
          0.0,
          0.605263158,
          1.0
        ],
        "segments": [
          [
            -16.52173913,
            10.0
          ],
          [
            0.0,
            0.0
          ]
        ]
      },
      "5": {
        "breakpoints": [
          0.0,
          0.53125,
          1.0
        ],
        "segments": [
          [
            -18.823529412,
            10.0
          ],
          [
            0.0,
            0.0
          ]
        ]
      },
      "7": {
        "breakpoints": [
          0.0,
          0.666666667,
          1.0
        ],
        "segments": [
          [
            -15.0,
            10.0
          ],
          [
            0.0,
            0.0
          ]
        ]
      }
    },
    "C": {
      "0_1_2_4": {
        "breakpoints": [
          0.0,
          1.0
        ],
        "segments": [
          [
            -7.0,
            7.0
          ]
        ]
      },
      "3": {
        "breakpoints": [
          0.0,
          0.318181818,
          1.0
        ],
        "segments": [
          [
            -22.0,
            7.0
          ],
          [
            -0.0,
            0.0
          ]
        ]
      },
      "5": {
        "breakpoints": [
          0.0,
          0.53125,
          1.0
        ],
        "segments": [
          [
            -13.176470588,
            7.0
          ],
          [
            0.0,
            0.0
          ]
        ]
      },
      "6": {
        "breakpoints": [
          0.0,
          0.4,
          1.0
        ],
        "segments": [
          [
            -17.5,
            7.0
          ],
          [
            0.0,
            0.0
          ]
        ]
      },
      "7": {
        "breakpoints": [
          0.0,
          0.666666667,
          1.0
        ],
        "segments": [
          [
            -10.5,
            7.0
          ],
          [
            0.0,
            0.0
          ]
        ]
      }
    },
    "F": {
      "0_1_2_3_4_5_6_7": {
        "breakpoints": [
          0.0,
          1.0
        ],
        "segments": [
          [
            6.0,
            0.0
          ]
        ]
      }
    },
    "Cat": {
      "0_1_2_3_4_5_6_7": {
        "breakpoints": [
          0.0,
          1.0
        ],
        "segments": [
          [
            4.0,
            0.0
          ]
        ]
      }
    },
    "P": {
      "0_3": {
        "breakpoints": [
          0.0,
          1.0
        ],
        "segments": [
          [
            -3.0,
            3.0
          ]
        ]
      },
      "1": {
        "breakpoints": [
          0.0,
          0.4,
          1.0
        ],
        "segments": [
          [
            12.0,
            3.0
          ],
          [
            -13.0,
            13.0
          ]
        ]
      },
      "2": {
        "breakpoints": [
          0.0,
          0.166666667,
          1.0
        ],
        "segments": [
          [
            -18.0,
            3.0
          ],
          [
            0.0,
            0.0
          ]
        ]
      },
      "4": {
        "breakpoints": [
          0.0,
          0.605263158,
          1.0
        ],
        "segments": [
          [
            -4.956521739,
            3.0
          ],
          [
            0.0,
            0.0
          ]
        ]
      },
      "5": {
        "breakpoints": [
          0.0,
          0.53125,
          1.0
        ],
        "segments": [
          [
            5.823529412,
            3.0
          ],
          [
            -13.0,
            13.0
          ]
        ]
      },
      "6": {
        "breakpoints": [
          0.0,
          0.4,
          1.0
        ],
        "segments": [
          [
            -7.5,
            3.0
          ],
          [
            0.0,
            0.0
          ]
        ]
      },
      "7": {
        "breakpoints": [
          0.0,
          0.666666667,
          1.0
        ],
        "segments": [
          [
            -4.5,
            3.0
          ],
          [
            0.0,
            0.0
          ]
        ]
      }
    },
    "S": {
      "2": {
        "breakpoints": [
          0.0,
          0.166666667,
          1.0
        ],
        "segments": [
          [
            15.0,
            0.0
          ],
          [
            -3.0,
            3.0
          ]
        ]
      },
      "4": {
        "breakpoints": [
          0.0,
          0.605263158,
          1.0
        ],
        "segments": [
          [
            8.47826087,
            0.0
          ],
          [
            -13.0,
            13.0
          ]
        ]
      },
      "6": {
        "breakpoints": [
          0.0,
          0.4,
          1.0
        ],
        "segments": [
          [
            4.5,
            0.0
          ],
          [
            -3.0,
            3.0
          ]
        ]
      },
      "7": {
        "breakpoints": [
          0.0,
          0.666666667,
          1.0
        ],