{
  "meta": {
    "species": [
      "A",
      "B",
      "C",
      "F",
      "Cat",
      "P",
      "S",
      "Q",
      "T",
      "ACat",
      "X"
    ],
    "reactions": [
      "R1: A + B -> P",
      "R2: A + P -> S",
      "R3: A + C -> Q",
      "R4: A + F -> T"
    ],
    "stream_1_feed": [
      15.0,
      0.0,
      0.0,
      6.0,
      4.0,
      0.0,
      0.0,
      0.0,
      0.0,
      0.0,
      0.0
    ],
    "stream_2_feed": [
      0.0,
      10.0,
      7.0,
      0.0,
      0.0,
      3.0,
      0.0,
      0.0,
      0.0,
      0.0,
      0.0
    ]
  },
  "species": {
    "A": {
      "0": {
        "breakpoints": [
          0.0,
          1.0
        ],
        "segments": [
          [
            15.0,
            0.0
          ]
        ]
      },
      "1_8": {
        "breakpoints": [
          0.0,
          0.4,
          1.0
        ],
        "segments": [
          [
            0.0,
            0.0
          ],
          [
            25.0,
            -10.0
          ]
        ]
      },
      "2": {
        "breakpoints": [
          0.0,
          0.166666667,
          1.0
        ],
        "segments": [
          [
            0.0,
            0.0
          ],
          [
            18.0,
            -3.0
          ]
        ]
      },
      "3": {
        "breakpoints": [
          0.0,
          0.318181818,
          1.0
        ],
        "segments": [
          [
            0.0,
            0.0
          ],
          [
            22.0,
            -7.0
          ]
        ]
      },
      "4": {
        "breakpoints": [
          0.0,
          1.0
        ],
        "segments": [
          [
            9.0,
            0.0
          ]
        ]
      },
      "5": {
        "breakpoints": [
          0.0,
          0.605263158,
          1.0
        ],
        "segments": [
          [
            0.0,
            0.0
          ],
          [
            38.0,
            -23.0
          ]
        ]
      },
      "6": {
        "breakpoints": [
          0.0,
          0.53125,
          1.0
        ],
        "segments": [
          [
            0.0,
            0.0
          ],
          [
            32.0,
            -17.0
          ]
        ]
      },
      "7_14": {
        "breakpoints": [
          0.0,
          0.526315789,
          1.0
        ],
        "segments": [
          [
            0.0,
            0.0
          ],
          [
            19.0,
            -10.0
          ]
        ]
      },
      "9": {
        "breakpoints": [
          0.0,
          0.25,
          1.0
        ],
        "segments": [
          [
            0.0,
            0.0
          ],
          [
            12.0,
            -3.0
          ]
        ]
      },
      "10": {
        "breakpoints": [
          0.0,
          0.4375,
          1.0
        ],
        "segments": [
          [
            0.0,
            0.0
          ],
          [
            16.0,
            -7.0
          ]
        ]
      },
      "11": {
        "breakpoints": [
          0.0,
          0.666666667,
          1.0
        ],
        "segments": [
          [
            -0.0,
            0.0
          ],
          [
            45.0,
            -30.0
          ]
        ]
      },
      "12": {
        "breakpoints": [
          0.0,
          0.71875,
          1.0
        ],
        "segments": [
          [
            0.0,
            0.0
          ],
          [
            32.0,
            -23.0
          ]
        ]
      },
      "13": {
        "breakpoints": [
          0.0,
          0.653846154,
          1.0
        ],
        "segments": [
          [
            0.0,
            0.0
          ],
          [
            26.0,
            -17.0
          ]
        ]
      },
      "15": {
        "breakpoints": [
          0.0,
          0.769230769,
          1.0
        ],
        "segments": [
          [
            0.0,
            0.0
          ],
          [
            39.0,
            -30.0
          ]
        ]
      }
    },
    "B": {
      "0_2_3_4_8_9_10_14": {
        "breakpoints": [
          0.0,
          1.0
        ],
        "segments": [
          [
            -10.0,
            10.0
          ]
        ]
      },
      "1": {
        "breakpoints": [
          0.0,
          0.4,
          1.0
        ],
        "segments": [
          [
            -25.0,
            10.0
          ],
          [
            0.0,
            0.0
          ]
        ]
      },
      "5": {
        "breakpoints": [
          0.0,
          0.605263158,
          1.0
        ],
        "segments": [
          [
            -16.52173913,
            10.0
          ],
          [
            0.0,
            0.0
          ]
        ]
      },
      "6": {
        "breakpoints": [
          0.0,
          0.53125,
          1.0
        ],
        "segments": [
          [
            -18.823529412,
            10.0
          ],
          [
            0.0,
            0.0
          ]
        ]
      },
      "7": {
        "breakpoints": [
          0.0,
          0.526315789,
          1.0
        ],
        "segments": [
          [
            -19.0,
            10.0
          ],
          [
            -0.0,
            0.0
          ]
        ]
      },
      "11": {
        "breakpoints": [
          0.0,
          0.666666667,
          1.0
        ],
        "segments": [
          [
            -15.0,
            10.0
          ],
          [
            0.0,
            0.0
          ]
        ]
      },
      "12": {
        "breakpoints": [
          0.0,
          0.71875,
          1.0
        ],
        "segments": [
          [
            -13.913043478,
            10.0
          ],
          [
            0.0,
            0.0
          ]
        ]
      },
      "13": {
        "breakpoints": [
          0.0,
          0.653846154,
          1.0
        ],
        "segments": [
          [
            -15.294117647,
            10.0
          ],
          [
            0.0,
            0.0
          ]
        ]
      },
      "15": {
        "breakpoints": [
          0.0,
          0.769230769,
          1.0
        ],
        "segments": [
          [
            -13.0,
            10.0
          ],
          [
            0.0,
            0.0
          ]
        ]
      }
    },
    "C": {
      "0_1_2_4_5_7_9_12": {
        "breakpoints": [
          0.0,
          1.0
        ],
        "segments": [
          [
            -7.0,
            7.0
          ]
        ]
      },
      "3": {
        "breakpoints": [
          0.0,
          0.318181818,
          1.0
        ],
        "segments": [
          [
            -22.0,
            7.0
          ],
          [
            -0.0,
            0.0
          ]
        ]
      },
      "6": {
        "breakpoints": [
          0.0,
          0.53125,
          1.0
        ],
        "segments": [
          [
            -13.176470588,
            7.0
          ],
          [
            0.0,
            0.0
          ]
        ]
      },
      "8": {
        "breakpoints": [
          0.0,
          0.4,
          1.0
        ],
        "segments": [
          [
            -17.5,
            7.0
          ],
          [
            0.0,
            0.0
          ]
        ]
      },
      "10": {
        "breakpoints": [
          0.0,
          0.4375,
          1.0
        ],
        "segments": [
          [
            -16.0,
            7.0
          ],
          [
            0.0,
            0.0
          ]
        ]
      },
      "11": {
        "breakpoints": [
          0.0,
          0.666666667,
          1.0
        ],
        "segments": [
          [
            -10.5,
            7.0
          ],
          [
            0.0,
            0.0
          ]
        ]
      },
      "13": {
        "breakpoints": [
          0.0,
          0.653846154,
          1.0
        ],