{
  "meta": {
    "species": [
      "A",
      "B",
      "C",
      "F",
      "Cat",
      "P",
      "S",
      "Q",
      "T",
      "ACat",
      "X"
    ],
    "reactions": [
      "R1: A + B -> P",
      "R2: A + P -> S",
      "R3: A + C -> Q"
    ],
    "stream_1_feed": [
      15.0,
      0.0,
      0.0,
      0.0,
      0.0,
      0.0,
      0.0,
      0.0,
      0.0,
      0.0,
      0.0
    ],
    "stream_2_feed": [
      0.0,
      0.6,
      1.2,
      0.0,
      0.0,
      0.0,
      0.0,
      0.0,
      0.0,
      0.0,
      0.0
    ]
  },
  "species": {
    "A": {
      "0_2": {
        "breakpoints": [
          0.0,
          1.0
        ],
        "segments": [
          [
            15.0,
            0.0
          ]
        ]
      },
      "1": {
        "breakpoints": [
          0.0,
          0.038461538,
          1.0
        ],
        "segments": [
          [
            0.0,
            0.0
          ],
          [
            15.6,
            -0.6
          ]
        ]
      },
      "3_4_6": {
        "breakpoints": [
          0.0,
          0.074074074,
          1.0
        ],
        "segments": [
          [
            0.0,
            0.0
          ],
          [
            16.2,
            -1.2
          ]
        ]
      },
      "5": {
        "breakpoints": [
          0.0,
          0.107142857,
          1.0
        ],
        "segments": [
          [
            -0.0,
            0.0
          ],
          [
            16.8,
            -1.8
          ]
        ]
      },
      "7": {
        "breakpoints": [
          0.0,
          0.137931034,
          1.0
        ],
        "segments": [
          [
            0.0,
            0.0
          ],
          [
            17.4,
            -2.4
          ]
        ]
      }
    },
    "B": {
      "0_2_3_6": {
        "breakpoints": [
          0.0,
          1.0
        ],
        "segments": [
          [
            -0.6,
            0.6
          ]
        ]
      },
      "1": {
        "breakpoints": [
          0.0,
          0.038461538,
          1.0
        ],
        "segments": [
          [
            -15.6,
            0.6
          ],
          [
            0.0,
            -0.0
          ]
        ]
      },
      "4": {
        "breakpoints": [
          0.0,
          0.074074074,
          1.0
        ],
        "segments": [
          [
            -8.1,
            0.6
          ],
          [
            0.0,
            0.0
          ]
        ]
      },
      "5": {
        "breakpoints": [
          0.0,
          0.107142857,
          1.0
        ],
        "segments": [
          [
            -5.6,
            0.6
          ],
          [
            0.0,
            0.0
          ]
        ]
      },
      "7": {
        "breakpoints": [
          0.0,
          0.137931034,
          1.0
        ],
        "segments": [
          [
            -4.35,
            0.6
          ],
          [
            0.0,
            0.0
          ]
        ]
      }
    },
    "C": {
      "0_1_2_4": {
        "breakpoints": [
          0.0,
          1.0
        ],
        "segments": [
          [
            -1.2,
            1.2
          ]
        ]
      },
      "3_6": {
        "breakpoints": [
          0.0,
          0.074074074,
          1.0
        ],
        "segments": [
          [
            -16.2,
            1.2
          ],
          [
            0.0,
            0.0
          ]
        ]
      },
      "5": {
        "breakpoints": [
          0.0,
          0.107142857,
          1.0
        ],
        "segments": [
          [
            -11.2,
            1.2
          ],
          [
            0.0,
            0.0
          ]
        ]
      },
      "7": {
        "breakpoints": [
          0.0,
          0.137931034,
          1.0
        ],
        "segments": [
          [
            -8.7,
            1.2
          ],
          [
            0.0,
            0.0
          ]
        ]
      }
    },
    "P": {
      "1": {
        "breakpoints": [
          0.0,
          0.038461538,
          1.0
        ],
        "segments": [
          [
            15.0,
            0.0
          ],
          [
            -0.6,
            0.6
          ]
        ]
      },
      "5": {
        "breakpoints": [
          0.0,
          0.107142857,
          1.0
        ],
        "segments": [
          [
            5.0,
            0.0
          ],
          [
            -0.6,
            0.6
          ]
        ]
      },
      "0_2_3_4_6_7": {
        "breakpoints": [
          0.0,
          1.0
        ],
        "segments": [
          [
            0.0,
            0.0
          ]
        ]
      }
    },
    "S": {
      "4": {
        "breakpoints": [
          0.0,
          0.074074074,
          1.0
        ],
        "segments": [
          [
            7.5,
            0.0
          ],
          [
            -0.6,
            0.6
          ]
        ]
      },
      "7": {
        "breakpoints": [
          0.0,
          0.137931034,
          1.0
        ],
        "segments": [
          [
            3.75,
            0.0
          ],
          [
            -0.6,
            0.6
          ]
        ]
      },
      "0_1_2_3_5_6": {
        "breakpoints": [
          0.0,
          1.0
        ],
        "segments": [
          [
            0.0,
            0.0
          ]
        ]
      }
    },
    "Q": {
      "3_6": {
        "breakpoints": [
          0.0,
          0.074074074,
          1.0
        ],
        "segments": [
          [
            15.0,
            0.0
          ],
          [
            -1.2,
            1.2
          ]
        ]
      },
      "5": {
        "breakpoints": [
          0.0,
          0.107142857,
          1.0
        ],
        "segments": [
          [
            10.0,
            0.0
          ],
          [
            -1.2,
            1.2
          ]
        ]
      },
      "7": {
        "breakpoints": [
          0.0,
          0.137931034,
          1.0
        ],
        "segments": [
          [
            7.5,
            0.0
          ],
          [
            -1.2,
            1.2
          ]
        ]
      },
      "0_1_2_4": {
        "breakpoints": [
          0.0,
          1.0
        ],
        "segments": [
          [
            0.0,
            0.0
          ]
        ]
      }
    }
  }
}